CustomerID,R_Scaled,F_Scaled,M_Scaled
12347,-1.8284860004532224,1.2473999658429542,1.5740264853461874
12348,1.3561786223427335,0.37257502259223224,-1.3213568849283024
12349,-0.6956335185132512,-1.1421806022254783,0.5795867841257871
12350,1.5694938056688805,-1.1421806022254783,-0.4025240862867755
12352,-0.25976293771736747,1.2473999658429542,0.6809328799877049
12353,1.167792642233864,-1.1421806022254783,-2.158919913374767
12354,1.2887356965125554,-1.1421806022254783,0.2700711223978238
12355,1.2125350916901998,-1.1421806022254783,-0.6354367828873527
12356,1.3445701647258579,-0.15732634212523552,0.6481523731312744
12357,-0.32189228833536065,-1.1421806022254783,1.5741991620392366
12358,-1.8284860004532224,-0.15732634212523552,0.4744045910733832
12359,0.09645820643169936,0.7080332292303888,1.5507053428690944
12360,0.012541544596951157,0.37257502259223224,1.0835881712187645
12361,1.493691849959924,-1.1421806022254783,-0.8111138251482782
12362,-1.6752065827819893,1.5140076112100918,1.753262864324108
12363,0.6170495150333525,-0.15732634212523552,-0.005987251331698731
12364,-1.2088496996586264,0.37257502259223224,0.6628762819273591
12365,1.5072409723675033,-1.1421806022254783,-0.3669552006865479
12367,-1.552045934706048,-1.1421806022254783,-0.9932773232138242
12370,-0.002233519485077917,0.7080332292303888,1.370974978049039
12371,0.12279741437841987,-1.1421806022254783,0.7955635968846752
12372,0.2667949163187858,0.37257502259223224,0.5283473062951153
12373,1.5726785743906506,-1.1421806022254783,-0.39000047670272664
12374,-0.5142648687645806,-1.1421806022254783,0.06864652488613115
12375,-1.0304416842462376,-0.15732634212523552,-0.4328900374226271
12377,1.585330319255101,-0.15732634212523552,0.897888777323652
12378,0.7612037549916904,-1.1421806022254783,1.594581901583961
12379,0.3719475869257092,-0.15732634212523552,0.3314171074434928
12380,-0.5998368088904396,0.7080332292303888,1.0350134856577782
12381,-1.4485587856030968,0.9413631875519174,0.7653125428069187
12383,1.077331758821227,0.9413631875519174,0.7375867644604382
12384,-0.4125347572453631,-0.15732634212523552,-0.4245153458599745
12386,1.7383656183939098,-1.1421806022254783,-0.6473358802765342
12388,-0.8047267163130117,1.1139876296874291,1.3261926827891228
12390,0.35182556963985595,-1.1421806022254783,-0.14389249553886282
12391,-0.5998368088904396,-1.1421806022254783,-0.10498106605966374
12393,0.2667949163187858,0.7080332292303888,0.7250735224868374
12394,1.2256079781275764,-1.1421806022254783,-0.3093081281342714
12395,-0.6956335185132512,1.6291803310375392,1.0842224913032772
12397,-0.25976293771736747,-0.15732634212523552,1.0262774455312689
12398,-0.08000284691952356,-1.1421806022254783,0.8259757866468884
12399,0.6844762934514682,0.7080332292303888,0.32335750829609844
12401,1.546949960091995,-1.1421806022254783,-2.075734895333215
12402,1.610225165315647,-1.1421806022254783,-0.7238682053959675
12403,-0.01725551879332896,-1.1421806022254783,-1.2988690235076534
12405,0.881530849050128,-1.1421806022254783,0.661832029922274
12406,-0.5998368088904396,-0.15732634212523552,1.4534896277541207
12407,-0.01725551879332896,0.9413631875519174,0.6469840541873925
12408,-0.32189228833536065,0.9413631875519174,1.0953471172822962
12409,0.3416035021098939,0.37257502259223224,0.9902753754776716
12410,1.5663001993333556,-1.1421806022254783,-0.4585736716682036
12412,0.29958131850608055,0.37257502259223224,0.6693350622078641
12413,0.20947615164583766,0.37257502259223224,0.08875044345375593
12414,1.2256079781275764,0.37257502259223224,-0.27997805245353835
12415,-0.5142648687645806,1.575895246520602,1.6794131246520838
12417,-1.6752065827819893,1.4411389437857045,1.2122451004859327
12418,0.6400324499796085,-1.1421806022254783,-0.12375740115810151
12420,0.17331659078189585,-1.1421806022254783,-0.19941161773562752
12421,-0.8047267163130117,0.7080332292303888,0.1759474181815208
12422,0.502148666903663,0.37257502259223224,0.22456935145653112
12423,-2.0344322917066844,1.3539192402952056,0.9325094249199678
12424,0.9620459415531177,-0.15732634212523552,0.29461512436086457
12425,0.33127071588747836,-1.1421806022254783,0.07827450270097998
12426,1.1258861156196038,-1.1421806022254783,-0.07212173252764559
12427,-0.5998368088904396,0.37257502259223224,-0.10963971978508759
12428,-0.4876303449547161,1.3539192402952056,1.8925150375698458
12429,-1.1443312534040568,0.7080332292303888,1.2724912540690159
12430,-0.13015925602825726,-1.1421806022254783,-0.8396633918798804
12431,0.12279741437841987,1.675591966784018,1.7184253131048643
12432,-0.13015925602825726,0.7080332292303888,1.1130104474007507
12433,-2.0344322917066844,1.2473999658429542,2.3182502426679066
12434,0.40136073864378646,-0.15732634212523552,0.1985516630276145
12435,1.4270297522340274,-1.1421806022254783,-1.4318101569248973
12436,0.5363636795631103,-1.1421806022254783,-0.10330369967278856
12437,-1.8284860004532224,1.840535090348796,1.4203687363280848
12438,-0.8870901036233153,-0.15732634212523552,1.042069602787074
12441,1.7383656183939098,-1.1421806022254783,-0.9022466949085046
12442,-1.6752065827819893,-1.1421806022254783,-0.9617141072381136
12444,-0.6305061529282221,0.9413631875519174,1.2972051158103661
12445,-0.5998368088904396,-1.1421806022254783,-1.437663035610245
12446,0.09645820643169936,-1.1421806022254783,0.3291254742935533
12447,1.3328395542355918,-1.1421806022254783,-0.20047997518928728
12448,-0.11312154370340959,-1.1421806022254783,-0.4310802344354593
12449,-0.5998368088904396,0.7080332292303888,1.412225446270377
12450,0.9225621135173867,-0.15732634212523552,-1.0299934214234263
12451,-1.0304416842462376,0.9413631875519174,2.059761197418499
12452,-0.7666372915455425,-1.1421806022254783,-0.42079942251172553
12453,0.78773127048894,-1.1421806022254783,0.2984816935960924
12454,0.06933795489383361,-1.1421806022254783,-1.5534954228984927
12455,0.2778506796454355,0.9413631875519174,0.7308005592822787
12456,-0.11312154370340959,0.37257502259223224,0.9984977968837443
12457,0.4109687178442798,-0.15732634212523552,0.5460500742410683
12458,0.25560785258344354,-0.15732634212523552,0.18230533287070433
12461,0.9167982557003951,-1.1421806022254783,-0.12200315876513343
12462,-0.6956335185132512,-0.15732634212523552,0.24005237436440244
12463,0.027078278817641344,0.7080332292303888,0.6984537594816622
12464,0.8874922060612215,0.7080332292303888,-1.4465247801048469
12465,-0.7666372915455425,-0.15732634212523552,0.19421489114168872
12468,1.0921296377175151,-0.15732634212523552,0.13294588779787908
12471,-1.8284860004532224,1.9869809403539003,2.400019763545014
12472,-0.34365422335675777,1.2473999658429542,1.9306522507407982
12473,0.04138483603978646,0.37257502259223224,1.2417984201711072
12474,-0.7666372915455425,1.840535090348796,2.1007118621825396
12475,0.04138483603978646,-1.1421806022254783,0.11307147258799977
12476,-0.8047267163130117,1.5140076112100918,1.6272347978718724
12477,-0.5702958889100813,1.1139876296874291,2.2162139775427545
12478,-1.552045934706048,-1.1421806022254783,-0.014148682359937888
12479,-1.0304416842462376,-1.1421806022254783,-0.10827118794073091
12480,-0.4368174524113916,0.7080332292303888,1.2557004815598702
12481,-0.5702958889100813,1.5140076112100918,1.6106889815071883
12483,-0.7666372915455425,1.2473999658429542,0.9057055258695352
12484,-0.2799741544043472,0.7080332292303888,1.5796587241018392
12488,-1.0851524766045704,0.37257502259223224,0.5402706045454717
12489,1.6495716241250464,-1.1421806022254783,-0.7406989551690303
12490,-1.4485587856030968,1.5140076112100918,1.7793303357344727
12491,-0.20183315632561427,-1.1421806022254783,-0.26373756519340796
12492,0.16094347398622413,-0.15732634212523552,-0.6065723529250311
12493,0.9785243333842288,-0.15732634212523552,-0.30517554675533093
12494,-0.8047267163130117,1.2473999658429542,0.5399193078312514
12497,0.3719475869257092,-1.1421806022254783,-2.4185500672871774
12498,-0.6305061529282221,0.37257502259223224,-0.26611907307753524
12500,-0.01725551879332896,1.2473999658429542,0.015867176087852746
12501,1.6525437904201141,-1.1421806022254783,1.0940989413261608
12502,0.502148666903663,0.9413631875519174,0.9193473293027059
12504,-0.3889398912265015,-1.1421806022254783,-1.6297027463369627
12506,1.2928184451927718,-1.1421806022254783,-1.6603089196397185
12507,0.9225621135173867,-0.15732634212523552,-0.18191037058516787
12508,-0.4876303449547161,-0.15732634212523552,-0.16263092095996046
12509,1.483423166528643,-1.1421806022254783,-1.0744005631333569
12510,0.8450260030809356,-0.15732634212523552,0.19234372726330398
12512,0.1975784585920764,-0.15732634212523552,-1.0405984485476638
12513,0.6400324499796085,-1.1421806022254783,0.05079327829177817
12514,1.4234100154207303,-1.1421806022254783,0.37768112526238656
12515,1.699096538324834,-1.1421806022254783,-0.7432726133136018
12516,0.33127071588747836,-0.15732634212523552,-0.4694346242006652
12517,-0.4368174524113916,0.7080332292303888,1.2299933105048741
12518,-2.0344322917066844,0.9413631875519174,1.0406365510008875
12519,0.17331659078189585,-1.1421806022254783,-0.5225708404494158
12520,0.3416035021098939,0.9413631875519174,1.176607687027543
12521,0.8450260030809356,-1.1421806022254783,0.017701313469840302
12522,-0.20183315632561427,-0.15732634212523552,-0.9164884786138779
12523,-0.6956335185132512,1.575895246520602,0.7811848789335228
12524,-1.1443312534040568,1.3539192402952056,1.0258922218568485
12526,-2.0344322917066844,0.37257502259223224,0.6389884750818635
12527,0.3719475869257092,0.37257502259223224,-0.3963447700627999
12528,-1.1443312534040568,1.1139876296874291,0.6741613878018133
12530,0.12279741437841987,0.7080332292303888,0.62125773292496
12531,-0.8447985484134556,-1.1421806022254783,-1.2796434540021602
12532,-0.3889398912265015,-1.1421806022254783,-0.39469421162134827
12534,0.7679003989392914,-1.1421806022254783,0.42722797958599656
12535,0.46669531704171824,-0.15732634212523552,0.13554149761181897
12536,0.10972239650768487,-1.1421806022254783,1.6575358286840616
12538,-0.4125347572453631,-1.1421806022254783,-0.5043777849847287
12539,-0.5998368088904396,0.7080332292303888,1.7620263230662065
12540,-0.6624013797032222,1.8141609571842097,2.3204418806926634
12541,-0.3889398912265015,0.37257502259223224,0.3146803726005169
12544,-0.25976293771736747,-1.1421806022254783,-0.4284423672971511
12545,0.29958131850608055,-0.15732634212523552,0.288937658010415
12546,-0.06389671920754665,-0.15732634212523552,0.5550618853129347
12547,1.1400359430544447,-0.15732634212523552,-0.9211734384080157
12548,0.9785243333842288,-1.1421806022254783,-1.5444702448372318
12550,0.3416035021098939,-1.1421806022254783,0.34499262166817896
12551,1.713272404991934,-1.1421806022254783,-0.8424361298795912
12552,-0.18335464868184115,-1.1421806022254783,-0.8542344227003653
12553,-1.2088496996586264,1.5140076112100918,1.4713879450875882
12556,-0.01725551879332896,-0.15732634212523552,0.0473432439201137
12558,-1.2088496996586264,-1.1421806022254783,-0.7259478998436107
12559,1.6009523339333225,-1.1421806022254783,-0.38391520268144996
12560,-1.4485587856030968,-0.15732634212523552,1.0387742334276169
12561,1.546949960091995,-1.1421806022254783,-0.6793851417462173
12562,-1.2088496996586264,1.2473999658429542,1.4023319253360935
12564,1.4014438771103972,-1.1421806022254783,-0.29749178320324315
12565,1.500486543833783,-1.1421806022254783,-0.951782502741861
12566,0.4109687178442798,-1.1421806022254783,-0.624310442123436
12567,-0.5702958889100813,1.5140076112100918,2.168285049563251
12569,-1.8284860004532224,2.0120921097944136,1.4032459118484357
12571,-0.18335464868184115,-0.15732634212523552,0.002028558377543088
12572,-1.1443312534040568,-0.15732634212523552,0.2314974323032436
12573,1.2680925591763403,-1.1421806022254783,-0.9273772405559272
12574,1.5884716803482772,-1.1421806022254783,-0.8680707901808824
12576,-0.25976293771736747,0.9413631875519174,0.746660249070267
12577,-0.2799741544043472,0.37257502259223224,0.12544837736733916
12578,-0.6305061529282221,-0.15732634212523552,1.2468342917510664
12579,0.33127071588747836,-1.1421806022254783,-0.314256471690375
12580,1.3484530871233855,-1.1421806022254783,-0.20066865370918052
12581,-0.18335464868184115,-1.1421806022254783,-0.8343297869054356
12582,1.3170038513377686,-0.15732634212523552,-0.35172761587082385
12583,-1.6752065827819893,1.752642309092698,1.966264516367256
12584,-1.552045934706048,1.3539192402952056,0.6586617106607482
12585,1.2968861848047732,-0.15732634212523552,0.7383381745873571
12586,-0.7666372915455425,-1.1421806022254783,-0.7608948997710684
12587,-1.2088496996586264,-1.1421806022254783,-1.2125997601578693
12588,-0.20183315632561427,-1.1421806022254783,-1.4159355399734286
12589,-0.4125347572453631,-0.15732634212523552,-0.12543888949266627
12590,1.1993040429374937,-1.1421806022254783,0.47351435920242047
12591,1.591604512719283,-1.1421806022254783,-0.3288916744522304
12592,0.46669531704171824,-0.15732634212523552,-0.2640773557839851
12593,0.6092695128371648,0.37257502259223224,-0.19565205186937573
12594,-0.06389671920754665,1.3539192402952056,1.4151592088642653
12596,-0.002233519485077917,-0.15732634212523552,-0.41915333816997347
12597,-0.6956335185132512,0.7080332292303888,1.3520094264502593
12598,-1.0851524766045704,1.2473999658429542,1.1933372378292906
12599,-0.4125347572453631,1.2473999658429542,0.3616033811109075
12600,-0.4125347572453631,1.4411389437857045,1.1498269423047054
12601,1.101882824572414,0.9413631875519174,-0.2180231136405002
12602,0.10972239650768487,-1.1421806022254783,-1.0457155348306366
12604,0.3416035021098939,-0.15732634212523552,-0.5761715147015992
12607,0.12279741437841987,-1.1421806022254783,0.9077675234084854
12609,0.33127071588747836,0.37257502259223224,0.444100935539868
12610,-0.5702958889100813,0.7080332292303888,0.9018675026267488
12611,0.012541544596951157,-1.1421806022254783,0.516251680381064
12612,0.2887784270770501,-1.1421806022254783,0.2353722821613663
12613,0.082998830205763,0.7080332292303888,1.457749313429139
12614,1.462603193933059,-1.1421806022254783,-0.6384849721275232
12615,-1.8284860004532224,0.7080332292303888,0.9418032229551668
12616,0.4934051657049856,-0.15732634212523552,-0.18591604236072262
12617,-0.4125347572453631,-1.1421806022254783,-0.2987201153502108
12618,-0.5998368088904396,-1.1421806022254783,-1.0937551365058646
12619,-0.8047267163130117,1.3539192402952056,0.26809063048619614
12620,-0.8447985484134556,0.37257502259223224,0.658319462608014
12621,-1.8284860004532224,1.8645334205085187,2.2910536198319944
12622,1.2887356965125554,-1.1421806022254783,-1.0784330163986984
12623,1.4555774190098685,-1.1421806022254783,-0.4734683212257525
12624,0.5855581134555359,-0.15732634212523552,0.007595188758620098
12625,1.203732221452046,-0.15732634212523552,0.9796768062170756
12626,-0.5702958889100813,1.4411389437857045,1.9125248451775283
12627,-1.0304416842462376,1.1139876296874291,1.6610633641420343
12628,-1.552045934706048,0.37257502259223224,0.24940695822709621
12630,-1.0851524766045704,-0.15732634212523552,0.49893570217411215
12631,0.082998830205763,-1.1421806022254783,-0.16718698917622304
12633,0.10972239650768487,0.7080332292303888,0.8443746326751923
12635,0.44847316797844267,-0.15732634212523552,0.8309921972223472
12637,0.20947615164583766,1.3539192402952056,1.9346524498235917
12638,-0.32189228833536065,-1.1421806022254783,0.01644681857512044
12639,1.3170038513377686,-1.1421806022254783,-0.32351275375527083
12640,-0.5417973579979597,0.37257502259223224,0.178544065274288
12641,0.6550665021984642,-1.1421806022254783,-1.0476279846361027
12642,-0.5142648687645806,0.37257502259223224,0.3394429617632
12643,1.2427994036328696,-0.15732634212523552,-1.4790735643717974
12644,0.7612037549916904,-1.1421806022254783,-0.12574498528351402
12645,-0.30067514330910233,0.7080332292303888,0.8598892445431504
12646,-1.4485587856030968,-0.15732634212523552,0.43642517603031866
12647,-0.5998368088904396,1.6291803310375392,1.083907639722106
12648,0.9167982557003951,-1.1421806022254783,-0.514948420447587
12649,0.5935248754373961,0.37257502259223224,0.03993040325280716
12650,-1.6752065827819893,-1.1421806022254783,-0.5556126004331384
12651,1.6465918473139354,-1.1421806022254783,-1.1421821885759802
12652,1.6345957849655695,-1.1421806022254783,0.3268275106318783
12653,0.881530849050128,-0.15732634212523552,0.3492357216754659
12654,-1.0304416842462376,0.9413631875519174,0.0181833033844525
12656,-0.7666372915455425,0.9413631875519174,1.0970675747335301
12657,-1.0304416842462376,0.37257502259223224,0.19617248545221538
12658,-0.6956335185132512,-1.1421806022254783,0.07417269049060353
12659,-0.3889398912265015,-1.1421806022254783,-1.834443801333658
12660,-1.0304416842462376,-1.1421806022254783,-0.6921476704773374
12662,-2.0344322917066844,1.575895246520602,1.5675772260449636
12664,0.10972239650768487,0.7080332292303888,-0.14573345404785196
12665,1.6163660291593012,-1.1421806022254783,-1.8442629152342596
12667,0.09645820643169936,-1.1421806022254783,-0.139035797584775
12668,-0.9795284129162457,0.7080332292303888,1.3911807834531604
12669,0.8934196358335683,-0.15732634212523552,0.8077780268722228
12670,-1.0851524766045704,0.9413631875519174,1.1869988816240082
12672,1.631577314912051,-1.1421806022254783,-0.8692665847313674
12673,-1.4485587856030968,-0.15732634212523552,0.02663640234784874
12674,-0.20183315632561427,0.7080332292303888,0.7886312012036348
12676,-0.5142648687645806,1.1139876296874291,0.6055330081070288
12678,-0.13015925602825726,1.3539192402952056,0.8322704116761575
12679,1.483423166528643,-1.1421806022254783,0.21772169168912278
12680,-2.0344322917066844,0.7080332292303888,0.33200002539478046
12681,-0.8447985484134556,1.9066176529747072,2.479766501837878
12682,-1.552045934706048,2.0342798295082316,2.3698214445002925
12683,-1.552045934706048,1.7164188947372359,1.9464019709134475
12684,-1.2088496996586264,1.1139876296874291,0.9899739584944619
12685,-0.4368174524113916,1.1139876296874291,1.316294953500513
12686,1.7520786082162478,-1.1421806022254783,-1.5014756210910594
12688,0.647577642958288,-1.1421806022254783,1.4232476516155574
12689,-0.4876303449547161,-0.15732634212523552,0.5966261634261483
12690,1.1768893571618266,-1.1421806022254783,-0.48524504904471705
12691,0.09645820643169936,0.7080332292303888,0.2647355656460598
12693,0.7408460600978252,0.7080332292303888,-0.01930988575870466
12694,0.24428607257948629,-0.15732634212523552,-0.0693659479371727
12695,-1.2798718810873329,0.7080332292303888,-0.2825001614368928
12697,-0.4125347572453631,0.37257502259223224,0.2629573645123712
12700,-1.2088496996586264,0.7080332292303888,1.7087188472841381
12701,0.35182556963985595,-0.15732634212523552,0.23345568931368715
12702,-0.6624013797032222,-1.1421806022254783,-0.7025830211370775
12703,0.25560785258344354,-1.1421806022254783,-0.4839379445414166
12704,-1.2798718810873329,1.3539192402952056,0.7164231385026293
12705,-0.8447985484134556,1.3539192402952056,1.9477223486843762
12707,1.5106032475123867,-1.1421806022254783,-0.1249799598519487
12708,-0.3889398912265015,1.5140076112100918,1.1990670461738917
12709,-0.8447985484134556,1.7164188947372359,1.8538265739765878
12710,0.5108148268330728,0.37257502259223224,0.5031909754858276
12712,-0.4125347572453631,1.675591966784018,1.3659995233373938
12713,-2.0344322917066844,-1.1421806022254783,0.316328952282834
12714,-1.1443312534040568,0.9413631875519174,1.648510291618026
12715,0.5855581134555359,-1.1421806022254783,-0.45963884750150097
12716,-1.552045934706048,-0.15732634212523552,0.5059533694932729
12717,0.8934196358335683,-0.15732634212523552,0.37178000034085995
12718,0.25560785258344354,-1.1421806022254783,-0.778612650267548
12719,-1.4485587856030968,-0.15732634212523552,0.016929542675604686
12720,-1.6752065827819893,1.9731339718028382,1.8179846591499005
12721,-0.34365422335675777,1.1139876296874291,1.1952185502400947
12722,0.6550665021984642,-0.15732634212523552,0.3199622118154608
12723,-1.552045934706048,0.7080332292303888,0.13898968609875909
12724,-1.4485587856030968,0.7080332292303888,0.5152725504536833
12725,1.7493487374428618,-1.1421806022254783,-0.2174022808076598
12726,-0.4368174524113916,1.2473999658429542,0.9402648705630561
12727,-1.0304416842462376,1.2473999658429542,1.3244361397891817
12728,0.25560785258344354,0.7080332292303888,0.11791071457367477
12729,0.647577642958288,-1.1421806022254783,-0.241485943666353
12731,-0.5417973579979597,1.5140076112100918,2.223398558071191
12732,1.0522051761648727,-1.1421806022254783,-0.7962925904969677
12733,1.2968861848047732,-1.1421806022254783,-0.45107079298570324
12734,1.699096538324834,-1.1421806022254783,-1.1668190018372702
12735,1.585330319255101,-0.15732634212523552,-0.21043427125845374
12736,1.6406092928822804,-1.1421806022254783,-1.2931417867225554
12738,1.7520786082162478,-1.1421806022254783,-1.1668190018372702
12739,0.5279209325674449,-1.1421806022254783,0.04453234177328047
12740,0.17331659078189585,-1.1421806022254783,-0.27732553129845705
12743,0.78773127048894,-0.15732634212523552,-0.1103717895220554
12744,0.06933795489383361,0.7080332292303888,1.8826964191433428
12747,-1.8284860004532224,1.575895246520602,1.3831066182655802
12748,-2.0344322917066844,2.3487786801901187,3.166354387066967
12749,-1.552045934706048,0.9413631875519174,1.4134166785584603
12750,0.7544629096604374,-1.1421806022254783,-0.7674459496637526
12752,0.36193945002682054,-1.1421806022254783,0.4517638985908807
12753,-0.5702958889100813,1.1139876296874291,1.146719326701584
12754,1.4590957515606013,-0.15732634212523552,-1.6097005392242134
12755,1.473060901891095,-1.1421806022254783,-3.0886595611734564
12756,0.42048198794590724,-1.1421806022254783,-1.752996955372841
12757,-0.8047267163130117,1.2473999658429542,1.5428078705577304
12758,0.6698788008538272,-0.15732634212523552,0.8956846166889078
12759,0.012541544596951157,0.37257502259223224,0.7819433996232799
12762,-1.2088496996586264,-0.15732634212523552,0.7372209710452469
12763,1.743869969103029,-1.1421806022254783,-0.3363337486722283
12764,1.591604512719283,-1.1421806022254783,0.5408871593549285
12766,-1.552045934706048,1.2473999658429542,2.0354294058377325
12769,1.3170038513377686,-1.1421806022254783,0.4661896863173902
12772,0.12279741437841987,-1.1421806022254783,0.18616755917712047
12775,-0.7666372915455425,0.9413631875519174,0.540253471539845
12778,-0.6624013797032222,1.1139876296874291,0.007123241272879054
12779,-0.2207141713346106,1.3539192402952056,1.3452310845359299
12781,0.17331659078189585,-0.15732634212523552,0.15847481561609508
12782,-1.4485587856030968,0.9413631875519174,1.0692055223680303
12783,-1.8284860004532224,0.7080332292303888,0.5894594121260204
12784,-0.8447985484134556,-1.1421806022254783,0.014545355027177662
12785,1.7300605566948648,-1.1421806022254783,-0.5668454449342443
12787,-1.0851524766045704,0.37257502259223224,-0.2513528713905059
12790,1.1115483898802259,-1.1421806022254783,-0.7087529111380331
12792,1.3865576775364532,-1.1421806022254783,-0.3131248343315449
12793,1.6465918473139354,-0.15732634212523552,-0.1682342462952294
12794,0.027078278817641344,-0.15732634212523552,0.39399553311434604
12795,-0.6956335185132512,-1.1421806022254783,-0.9586574152034165
12797,1.7356037687254329,-1.1421806022254783,-0.6828699984365278
12802,1.0872196463115573,-1.1421806022254783,-0.16401312706294918
12808,-0.24001712710008624,0.37257502259223224,-0.07280315533070299
12809,1.041986766820532,-1.1421806022254783,-0.2805327106678245
12811,1.405134806374551,-0.15732634212523552,-0.12683638071051967
12812,-0.09640706158582192,-1.1421806022254783,-0.5982231334296662
12815,0.8755351424734747,-0.15732634212523552,0.27593736850441253
12816,0.502148666903663,-0.15732634212523552,-0.4828997041558879
12817,1.473060901891095,-1.1421806022254783,-1.0649274686593087
12818,1.405134806374551,-1.1421806022254783,-0.47787563558444
12820,-1.6752065827819893,0.7080332292303888,0.5154578791653367
12821,1.2125350916901998,-1.1421806022254783,-1.4542865246783123
12822,0.25560785258344354,-0.15732634212523552,0.33890885280180133
12824,0.12279741437841987,-1.1421806022254783,-0.34544499811846185
12826,-1.6752065827819893,1.2473999658429542,0.8912985124927802
12827,-1.35900440190184,0.37257502259223224,-0.10118394398604183
12828,-1.6752065827819893,1.1139876296874291,0.5486238835117969
12829,1.6525437904201141,-1.1421806022254783,-2.1789759823484407
12831,1.405134806374551,-1.1421806022254783,-1.0728550409606221
12832,-0.34365422335675777,-0.15732634212523552,-0.22875850534051487
12833,0.8573375787693495,-1.1421806022254783,-0.3692976090198215
12834,1.4799795670254212,-1.1421806022254783,-0.7022718748888271
12836,0.10972239650768487,0.7080332292303888,0.9780477686134323
12837,1.0160035801223155,-1.1421806022254783,-1.6454938816050546
12838,-0.30067514330910233,-0.15732634212523552,0.14747911873733538
12839,-1.6752065827819893,1.7164188947372359,1.9412118660820943
12840,0.8512000847218852,0.7080332292303888,1.4100561673462197
12841,-1.4485587856030968,1.9731339718028382,1.5803043977441746
12842,0.24428607257948629,-0.15732634212523552,0.14173239131809495
12843,0.9453056894998114,1.2473999658429542,0.8537210760224019
12844,-0.4125347572453631,-0.15732634212523552,-0.3219059734146697
12845,1.430637910736771,-0.15732634212523552,-1.6977369627612677
12847,-0.5998368088904396,-1.1421806022254783,0.25265509650571977
12849,-0.3659920991122902,-0.15732634212523552,0.3756596074153533
12851,0.5108148268330728,-1.1421806022254783,-1.181693223498891
12852,1.520631071339477,-1.1421806022254783,-0.4881042451461194
12853,0.7942571917855862,0.9413631875519174,0.7479255832401844
12854,0.3416035021098939,0.37257502259223224,0.6251220116159191
12855,1.7548021788970043,-1.1421806022254783,-1.9671364487755045
12856,-1.2088496996586264,1.1139876296874291,1.1384932875028673
12857,1.1993040429374937,-0.15732634212523552,0.4295979222839068
12863,0.012541544596951157,-1.1421806022254783,-1.1752041112275147
12864,0.8135898353975748,-1.1421806022254783,-2.8960413655285184
12865,-0.4876303449547161,-0.15732634212523552,0.8298577528751555
12866,1.4799795670254212,-1.1421806022254783,-0.2770492423537448
12867,-0.4876303449547161,1.2473999658429542,1.658641887508714
12868,1.082287095056689,1.1139876296874291,0.9320253704433079
12871,0.39165598958417785,-0.15732634212523552,-1.0992904835122046
12872,1.6224745103288252,-0.15732634212523552,0.030601281023793156
12876,0.09645820643169936,-0.15732634212523552,0.6588253452440413
12877,-1.552045934706048,1.6291803310375392,0.8640561708254803
12878,1.3049771101638454,-0.15732634212523552,0.43732674944503486
12879,-0.09640706158582192,0.37257502259223224,-0.6295168261196393
12881,1.4555774190098685,-1.1421806022254783,-1.5245354106930795
12882,-1.1443312534040568,-0.15732634212523552,0.5765160449461774
12883,-0.5142648687645806,0.7080332292303888,0.06279405659942143
12884,0.42990254301507225,-1.1421806022254783,-1.1890217278988808
12885,0.16094347398622413,0.37257502259223224,0.5614674841596845
12886,0.22122399996171724,-0.15732634212523552,0.6274104503524556
12888,1.2125350916901998,-0.15732634212523552,-0.7551438910971446
12890,-0.5417973579979597,-1.1421806022254783,-0.23125771977071993
12893,-0.3659920991122902,-1.1421806022254783,-0.754230851893095
12895,-0.1475340129282601,-0.15732634212523552,-0.30009236316840354
12897,1.1723505139298287,-0.15732634212523552,-1.2388011069930513
12901,-1.0851524766045704,1.752642309092698,0.703384344978952
12902,1.416135483736628,-1.1421806022254783,-1.3420714755430376
12904,-0.7303298502853449,-0.15732634212523552,-0.2615210715779066
12906,-0.9795284129162457,0.9413631875519174,0.6641631471205123
12909,-0.18335464868184115,0.9413631875519174,0.598402327761967
12910,-0.5702958889100813,1.3539192402952056,1.2666936532082482
12912,-1.2088496996586264,0.7080332292303888,0.330558484626909
12913,-1.4485587856030968,0.9413631875519174,0.6495747731261649
12915,0.881530849050128,-0.15732634212523552,-0.7023885406515311
12916,0.8199541666040955,0.7080332292303888,1.0737840366197673
12919,-1.2088496996586264,1.1139876296874291,0.7011666816439355
12920,-0.7666372915455425,-1.1421806022254783,-1.181268399357779
12921,-1.1443312534040568,2.0951988199478917,2.7462671891892394
12922,0.9509154244814819,-1.1421806022254783,-0.20571619470288477
12923,0.17331659078189585,-1.1421806022254783,-0.8947007069648565
12924,0.42990254301507225,0.7080332292303888,0.223179269125125
12925,-1.4485587856030968,-0.15732634212523552,0.2130023131724904
12928,-0.2799741544043472,0.9413631875519174,1.0357231679621015
12929,1.575854558163292,-1.1421806022254783,-1.5034958125813063
12930,0.33127071588747836,-0.15732634212523552,-0.18014997389739792
12931,0.20947615164583766,-0.15732634212523552,-1.7938890345078733
12933,-0.5417973579979597,0.37257502259223224,-0.03808037664520853
12935,-1.8284860004532224,1.2473999658429542,1.0873556559591624
12936,-0.7666372915455425,0.37257502259223224,0.5050514544684516
12937,-0.8447985484134556,0.7080332292303888,0.751876703767738
12938,-0.4876303449547161,-1.1421806022254783,-1.2409351292445414
12939,1.6465918473139354,-1.1421806022254783,-1.3998144602425284
12940,0.05546894815436756,-0.15732634212523552,0.06522498900493652
12942,0.7679003989392914,0.37257502259223224,0.027240294472095524
12944,-0.25976293771736747,-0.15732634212523552,0.05043811188030532
12945,1.4970942624576842,-1.1421806022254783,-0.4878059415625041
12947,0.8512000847218852,0.9413631875519174,0.7758172121267113
12948,-0.8047267163130117,1.2473999658429542,1.1054470461418746
12949,-0.3659920991122902,1.3539192402952056,1.6529003842498209
12950,-1.2088496996586264,-0.15732634212523552,-0.43038522825461306
12951,-1.1443312534040568,1.1139876296874291,0.5630529232646738
12952,-1.35900440190184,0.7080332292303888,0.6265607453282361
12953,-1.0851524766045704,-1.1421806022254783,-0.7365494521789071
12955,-2.0344322917066844,1.575895246520602,1.5600811611965244
12956,1.5566658206584332,-1.1421806022254783,-1.4648574543606183
12957,-1.0851524766045704,1.3539192402952056,1.631097028788813
12962,-1.2798718810873329,-0.15732634212523552,-0.5606546219364886
12963,-1.2088496996586264,1.3539192402952056,0.9989055914267085
12965,0.43923231330448226,-1.1421806022254783,0.16275970629964717
12966,-1.0851524766045704,-1.1421806022254783,-0.942497129378857
12967,1.713272404991934,-0.15732634212523552,-0.06122436187976772
12968,0.6324299997255387,-1.1421806022254783,-1.0651721031013026
12970,-1.2798718810873329,0.7080332292303888,-0.250104618426004
12971,-1.552045934706048,2.2483477125014715,1.980700345766461
12974,1.1400359430544447,-1.1421806022254783,-1.440114638579834
12976,1.203732221452046,-1.1421806022254783,-0.3781877655525978
12977,0.9225621135173867,-1.1421806022254783,-2.8615726995762403
12981,-0.3889398912265015,-0.15732634212523552,-0.21650397813630792
12982,1.3328395542355918,-1.1421806022254783,-0.20740565074439374
12984,-0.6956335185132512,-1.1421806022254783,-1.2619705114820552
12985,-2.0344322917066844,-0.15732634212523552,0.6072192556661242
12987,0.2887784270770501,-0.15732634212523552,-0.17436330583368675
12988,1.5106032475123867,-1.1421806022254783,-0.3105304101517593
12989,-1.6752065827819893,1.5140076112100918,0.7807474552517184
12990,-0.3659920991122902,0.37257502259223224,-0.26317156145942067
12991,-0.5702958889100813,-0.15732634212523552,-0.04535266226462899
12993,-0.5702958889100813,0.7080332292303888,-0.13027321618897952
12994,-1.552045934706048,0.37257502259223224,0.3806316421616046
12997,-0.5998368088904396,0.7080332292303888,0.4761359700298904
12999,1.1723505139298287,-0.15732634212523552,-0.45986933965278337
13000,1.3977407869671015,-0.15732634212523552,-0.19552702991522067
13001,-1.552045934706048,1.675591966784018,1.9375574998582719
13002,1.5947288662343622,-1.1421806022254783,-1.1626594256389675
13003,0.8934196358335683,-0.15732634212523552,-1.3311328793435782
13004,-0.9795284129162457,1.8141609571842097,1.9453346250507442
13005,1.021251236962237,-0.15732634212523552,-0.32840121248024773
13006,0.06933795489383361,-1.1421806022254783,-2.8144212082181044
13008,1.610225165315647,-1.1421806022254783,-0.5988044377789562
13011,1.7520786082162478,-1.1421806022254783,-1.7578451756151383
13012,-1.1443312534040568,1.2473999658429542,0.874393152313646
13013,-2.0344322917066844,1.675591966784018,1.7630068519913298
13014,-1.0304416842462376,1.4411389437857045,0.912608951876779
13015,0.027078278817641344,0.9413631875519174,1.385803291195711
13016,0.2778506796454355,0.37257502259223224,0.3010532522524045
13018,-0.8047267163130117,2.0120921097944136,2.149674568731066
13021,-1.552045934706048,1.4411389437857045,1.0893292760195863
13023,0.17331659078189585,-0.15732634212523552,-0.08334726390862746
13026,-2.0344322917066844,0.7080332292303888,-0.2840775431544807
13028,-0.5702958889100813,-0.15732634212523552,0.18369991342392586
13029,-0.3659920991122902,-0.15732634212523552,-1.1255119517175816
13030,-1.0304416842462376,-0.15732634212523552,0.11298556656356218
13032,0.012541544596951157,-0.15732634212523552,0.33085580051514596
13033,1.7104509037916424,-1.1421806022254783,-0.7442961919020349
13034,0.05546894815436756,-0.15732634212523552,0.20239046288058443
13035,0.2887784270770501,-0.15732634212523552,-0.26725556965468583
13037,0.8135898353975748,0.37257502259223224,0.2826263046448051
13038,0.35182556963985595,0.37257502259223224,0.48658660610000315
13040,-1.1443312534040568,-0.15732634212523552,0.2632918138604833
13043,1.4449563433597266,-1.1421806022254783,-0.9854901888471057
13044,1.5072409723675033,-1.1421806022254783,-0.1758468246614062
13045,0.5279209325674449,-1.1421806022254783,-0.37382127124495346
13046,-0.3659920991122902,-0.15732634212523552,-0.12194601831287843
13047,-0.34365422335675777,1.5140076112100918,1.3849591179274736
13048,-0.8870901036233153,0.7080332292303888,1.068720208530063
13049,0.17331659078189585,-0.15732634212523552,-0.09465463813805193
13050,-0.8447985484134556,1.8141609571842097,1.8706578925850175
13052,1.203732221452046,-1.1421806022254783,-0.7157213409995136
13055,0.33127071588747836,0.37257502259223224,0.6612315530705001
13058,-0.5142648687645806,0.37257502259223224,-0.4962001946574526
13059,1.360021435104089,-1.1421806022254783,-1.360764580820318
13060,1.3752619338149197,-1.1421806022254783,-0.5507951824510763
13061,0.2667949163187858,-1.1421806022254783,-0.7052716568621058
13062,1.1067264535528785,-1.1421806022254783,-1.5614785727399445
13064,-0.9318853875046619,0.7080332292303888,0.4881015072101439
13065,1.7548021788970043,-1.1421806022254783,-0.992662720090587
13066,-0.5417973579979597,-0.15732634212523552,-0.21537181171979045
13067,0.3719475869257092,-1.1421806022254783,-1.3095334341582825
13069,-2.0344322917066844,1.95829848038676,1.6076703105663426
13070,1.1115483898802259,-1.1421806022254783,-0.6010995399768089
13072,1.4234100154207303,-1.1421806022254783,-0.8011587023618594
13075,0.7612037549916904,-1.1421806022254783,-0.01813403988776766
13077,-2.0344322917066844,0.7080332292303888,0.21595349133438044
13078,-1.6752065827819893,1.9869809403539003,2.256083182732817
13079,-1.552045934706048,0.9413631875519174,-0.6315090728348145
13080,1.0471082026548297,-1.1421806022254783,-1.6540910733764933
13081,-0.9795284129162457,1.5140076112100918,3.0251601218377986
13082,0.7339687427184912,1.3539192402952056,0.713905330970698
13083,-1.552045934706048,-0.15732634212523552,-0.5774364792486604
13085,0.9339955408970261,-0.15732634212523552,-0.6401753957465902
13089,-1.552045934706048,2.2521708742356776,3.6527766954376943
13090,-1.1443312534040568,1.675591966784018,1.6751422157614109
13091,-0.4368174524113916,-1.1421806022254783,-0.43910178430488067
13092,0.25560785258344354,0.9413631875519174,-0.4807976320817704
13093,1.4555774190098685,1.3539192402952056,1.6026852533353584
13094,1.1768893571618266,-0.15732634212523552,-1.1965628701988436
13095,0.25560785258344354,-1.1421806022254783,-1.623722673902964
13097,-0.32189228833536065,1.5140076112100918,1.751803988036614
13098,-2.0344322917066844,1.999938332811876,2.505101860637777
13101,1.2968861848047732,-1.1421806022254783,-1.5637744835679477
13102,-2.0344322917066844,1.95829848038676,1.9216237301389119
13103,-0.18335464868184115,-1.1421806022254783,-0.9731865926555139
13104,-1.6752065827819893,0.7080332292303888,0.1252085722604291
13106,0.7811635550624721,-1.1421806022254783,-1.4465247801048469
13107,-0.11312154370340959,0.7080332292303888,0.6522399833275554
13108,1.7548021788970043,-1.1421806022254783,-1.2794030628546122
13109,0.12279741437841987,-0.15732634212523552,0.3603504095192756
13110,-0.3659920991122902,1.2473999658429542,0.5564410440589398
13113,-2.0344322917066844,1.95829848038676,1.5667350163118565
13115,-0.9795284129162457,0.7080332292303888,1.1633920800968007
13116,0.8135898353975748,-1.1421806022254783,-0.41091828057778235
13117,-0.5998368088904396,1.3539192402952056,0.43888523910577587
13118,-0.6624013797032222,0.9413631875519174,0.6773175357223825
13120,1.3170038513377686,-1.1421806022254783,-2.1274049521895586
13121,1.430637910736771,-1.1421806022254783,-0.4994915978605136
13122,1.3209839796397647,-1.1421806022254783,0.41971142362965896
13124,0.44847316797844267,0.37257502259223224,1.4630169949935465
13126,-1.4485587856030968,1.3539192402952056,1.0563384978385308
13127,0.33127071588747836,-1.1421806022254783,-0.5031002858612101
13130,0.4845828164794833,-1.1421806022254783,-1.5812116011122634
13131,-0.5702958889100813,0.37257502259223224,0.17159704750067392
13132,1.405134806374551,-1.1421806022254783,-1.625959847474252
13133,1.4485077893678906,-0.15732634212523552,-1.4130833132843248
13134,0.4109687178442798,0.7080332292303888,0.8516234231771206
13136,0.06933795489383361,0.9413631875519174,1.3062503537417025
13137,-1.0304416842462376,1.3539192402952056,1.6327239549679844
13138,-0.5998368088904396,1.1139876296874291,0.5353993020827156
13139,-0.8047267163130117,1.2473999658429542,1.3283376952533017
13140,0.6014283161148343,0.37257502259223224,-0.2656195151300055
13141,0.40136073864378646,0.9413631875519174,1.2533394814075836
13142,-0.6956335185132512,-1.1421806022254783,-0.6465371268381968
13144,1.6406092928822804,-1.1421806022254783,-1.808850305814825
13145,-0.18335464868184115,0.37257502259223224,-0.39397646546478093
13146,-0.4876303449547161,-1.1421806022254783,-0.6007222847435051
13147,-0.13015925602825726,-0.15732634212523552,-0.5714619715768848
13148,-0.4125347572453631,1.575895246520602,1.4046475329897665
13149,-0.8870901036233153,0.7080332292303888,0.7368007899952861
13151,1.5239542182208115,-1.1421806022254783,0.3709830212129194
13153,-1.35900440190184,-1.1421806022254783,-0.9812944753155314
13155,-0.32189228833536065,0.7080332292303888,0.44116448682796394
13157,-0.03253354575706003,0.7080332292303888,0.8840304322801856
13158,0.4934051657049856,0.7080332292303888,0.7250735224868374
13159,-1.1443312534040568,0.7080332292303888,0.7402576551275941
13160,-0.5998368088904396,-1.1421806022254783,-1.4524885442246276
13161,1.5790218091705654,-1.1421806022254783,-1.2758059336904561
13162,0.7059841640227111,0.7080332292303888,0.6989998803495977
13165,-0.08000284691952356,-0.15732634212523552,-0.26707362389812594
13166,1.4799795670254212,-1.1421806022254783,-0.2663462459163931
13167,-0.6956335185132512,0.7080332292303888,-0.009866723416097551
13168,-0.25976293771736747,0.7080332292303888,0.6644365369758966
13169,0.17331659078189585,-0.15732634212523552,-0.2539446200211489
13170,-0.4618328162388857,-1.1421806022254783,-1.1754148780216207
13171,-0.5998368088904396,0.37257502259223224,-0.4960194038468968
13173,-1.552045934706048,-0.15732634212523552,-0.2879643913854402
13174,-0.8047267163130117,0.37257502259223224,1.1811069475019156
13176,-0.08000284691952356,-1.1421806022254783,-0.2682114504280616
13177,0.1855267296633859,-1.1421806022254783,-0.4352628015782867
13178,-0.4876303449547161,1.575895246520602,1.8454052174562285
13182,-0.09640706158582192,-1.1421806022254783,-1.0952147640017302
13183,-1.2088496996586264,1.4411389437857045,0.6778048435422385
13184,-0.8447985484134556,1.5140076112100918,0.8732174995358573
13185,1.4270297522340274,-1.1421806022254783,-1.498719541488214
13186,-0.18335464868184115,0.37257502259223224,0.8336131778497265
13187,1.6525437904201141,-1.1421806022254783,-0.9099148374504172
13188,-1.0304416842462376,-1.1421806022254783,-1.2456810259660704
13189,-0.6956335185132512,-0.15732634212523552,-0.84577611638724
13192,0.4934051657049856,-0.15732634212523552,0.4565308000852532
13193,0.13568899379554164,-1.1421806022254783,-1.235535011679215
13194,0.800741889307939,-1.1421806022254783,-1.6209970097298434
13196,-1.0304416842462376,0.7080332292303888,1.0185492992405565
13198,-1.0851524766045704,1.1139876296874291,1.5395233324192932
13199,-1.2088496996586264,1.8645334205085187,1.3102250475269361
13200,-0.5998368088904396,0.37257502259223224,0.17554925261846097
13203,-1.0851524766045704,0.7080332292303888,0.3972245040802759
13207,-0.8447985484134556,-0.15732634212523552,-0.530642880277734
13208,0.10972239650768487,1.1139876296874291,0.6400082577688236
13209,-0.3889398912265015,1.2473999658429542,1.8868195570321837
13210,0.4845828164794833,-1.1421806022254783,-0.40629210372832314
13211,-1.0851524766045704,0.37257502259223224,-0.00777550569873827
13212,-0.6624013797032222,0.37257502259223224,0.06410157288180583
13213,0.082998830205763,0.9413631875519174,0.7276678458417752
13216,1.4270297522340274,-1.1421806022254783,-2.876697035259634
13217,0.7059841640227111,-1.1421806022254783,-1.7364769253658783
13218,0.7408460600978252,-1.1421806022254783,-1.6713106458343325
13220,0.33127071588747836,0.7080332292303888,0.028890792867236444
13221,1.3209839796397647,-0.15732634212523552,0.1255329978584392
13223,1.1493673703667233,-1.1421806022254783,-1.6002491733348156
13224,0.12279741437841987,-0.15732634212523552,1.06757908847378
13226,1.4449563433597266,-1.1421806022254783,-1.3620088830913513
13227,1.1586191182865357,-1.1421806022254783,-0.5075803676726016
13229,1.2639171799846685,-1.1421806022254783,-1.0827986209506333
13230,-1.552045934706048,1.7164188947372359,1.187126429900501
13232,-0.9318853875046619,1.2473999658429542,0.5655834017467484
13233,0.2887784270770501,-0.15732634212523552,-0.01815082586373939
13235,1.203732221452046,-1.1421806022254783,0.4672840769128777
13236,-0.5142648687645806,-0.15732634212523552,0.15547437752101692
13238,-0.5702958889100813,0.37257502259223224,0.00905813397809659
13239,1.405134806374551,-1.1421806022254783,-0.40866953908995884
13240,0.502148666903663,0.7080332292303888,0.18797424847143418
13242,0.6324299997255387,0.37257502259223224,-0.4696679150935504
13243,1.1632155688917196,-1.1421806022254783,-0.013430692311952031
13244,0.4756800668708009,-1.1421806022254783,-1.2834996807197807
13245,-0.002233519485077917,-1.1421806022254783,-0.5010362121778201
13246,-0.7303298502853449,1.1139876296874291,0.4423691989297143
13247,-0.7303298502853449,0.7080332292303888,-0.022324354427458063
13248,0.7270445967870957,-0.15732634212523552,-0.0936787850946943
13249,0.4756800668708009,-1.1421806022254783,-1.391737378387018
13253,0.9282944183154772,-0.15732634212523552,-0.19970475349094038
13255,-1.1443312534040568,-0.15732634212523552,-0.7125249149623781
13258,-0.9795284129162457,0.37257502259223224,0.03432670795230067
13259,0.1484026056517662,-1.1421806022254783,-0.5056877895561416
13260,0.13568899379554164,-1.1421806022254783,-1.3909065229692945
13261,1.430637910736771,-0.15732634212523552,0.25550490881980187
13262,1.4088136607077486,-1.1421806022254783,-1.0275974286762968
13263,-2.0344322917066844,2.0717681702421897,2.174605867154941
13265,0.027078278817641344,0.9413631875519174,0.761410896270704
13266,-1.0304416842462376,1.6291803310375392,1.2643628405981349
13267,-1.6752065827819893,1.840535090348796,1.6677862648570116
13268,-0.7303298502853449,1.5140076112100918,1.44622120247059
13269,-2.0344322917066844,1.752642309092698,1.8042158429524149
13271,-0.24001712710008624,-1.1421806022254783,-0.6412562432233303
13272,-0.3659920991122902,-0.15732634212523552,-0.6846561359129961
13273,0.6400324499796085,-1.1421806022254783,-1.0497849905494085
13276,0.17331659078189585,-0.15732634212523552,-0.042373789067164595
13277,-0.8047267163130117,0.37257502259223224,-0.8832697915282106
13278,-0.16526055765926362,-1.1421806022254783,-0.04778531768664857
13279,0.33127071588747836,-1.1421806022254783,-0.9963574563746843
13280,0.7059841640227111,0.37257502259223224,0.33516045955901913
13282,-0.7303298502853449,0.37257502259223224,0.320898693795304
13283,0.12279741437841987,-0.15732634212523552,-1.2926528055330442
13284,1.6345957849655695,-1.1421806022254783,-0.9369563888635758
13285,-0.5702958889100813,0.7080332292303888,1.3591943580564665
13291,0.9225621135173867,-1.1421806022254783,-0.29217463966297647
13292,-0.20183315632561427,-0.15732634212523552,-0.12320402849815247
13294,1.101882824572414,-0.15732634212523552,0.3202856402734586
13295,1.7188951467697062,-1.1421806022254783,-0.841048562915839
13296,0.8071859215343972,-1.1421806022254783,-1.716936375364151
13297,-1.2088496996586264,0.7080332292303888,0.9876595312104033
13298,-2.0344322917066844,-1.1421806022254783,-1.323048390431514
13299,1.4270297522340274,-1.1421806022254783,-1.3864900235313045
13300,0.9947495566046998,-1.1421806022254783,-0.21720970431620115
13301,0.5694301704621143,0.7080332292303888,0.03158162660161352
13304,1.6933778350153752,-1.1421806022254783,-0.5478349211666563
13305,-1.552045934706048,1.5140076112100918,0.5804527442234355
13307,0.6916965680237024,-1.1421806022254783,-2.6339519097393858
13308,-0.5702958889100813,0.37257502259223224,0.6525622381977115
13309,-1.2798718810873329,0.9413631875519174,0.8502260404709681
13310,-0.4368174524113916,0.37257502259223224,0.5930303353447565
13311,-1.552045934706048,-0.15732634212523552,-0.1417824422189851
13313,-0.5998368088904396,0.9413631875519174,0.899343851625292
13314,-1.8284860004532224,0.37257502259223224,0.25089928686552015
13316,-0.24001712710008624,0.7080332292303888,0.13921165694907225
13317,0.1975784585920764,1.1139876296874291,1.055529551981237
13318,-2.0344322917066844,0.37257502259223224,-0.20100418962752978
13319,-1.4485587856030968,1.9869809403539003,2.4542399179056464
13320,0.33127071588747836,0.7080332292303888,0.9395186425855373
13321,0.4109687178442798,-1.1421806022254783,-0.5034954871971166
13322,-0.7666372915455425,-1.1421806022254783,-0.7085177463384492
13323,-1.6752065827819893,0.9413631875519174,0.14385933636571555
13324,-0.25976293771736747,1.3539192402952056,0.6099275648101453
13325,0.3719475869257092,-1.1421806022254783,-0.028114727442373796
13327,-0.20183315632561427,1.3539192402952056,1.3987066937947037
13328,1.5884716803482772,-1.1421806022254783,-0.577836353067454
13329,-0.34365422335675777,-0.15732634212523552,-0.3553685184301984
13330,0.4756800668708009,0.37257502259223224,0.5481318189729382
13332,-0.8870901036233153,-1.1421806022254783,-0.292198090703452
13334,0.3719475869257092,0.37257502259223224,1.5353023832676045
13336,0.32082458720812473,-1.1421806022254783,0.34922495238686996
13338,0.9339955408970261,-1.1421806022254783,-0.34531983861699017
13339,1.154003112320381,-1.1421806022254783,0.24814305462796232
13340,-0.09640706158582192,1.1139876296874291,1.216033213058592
13341,1.4014438771103972,-1.1421806022254783,0.17059602496274215
13343,1.041986766820532,-1.1421806022254783,-0.4118955753743694
13344,0.22122399996171724,0.37257502259223224,1.0244991441559574
13345,1.4970942624576842,-1.1421806022254783,-0.3884155056868057
13347,0.24428607257948629,-1.1421806022254783,-0.9366439070425955
13348,0.17331659078189585,-1.1421806022254783,-0.5842613676363166
13349,-1.0304416842462376,-1.1421806022254783,-0.7170272343657755
13350,-0.8047267163130117,-0.15732634212523552,0.23385173593058253
13351,0.1975784585920764,-1.1421806022254783,-0.3268337141913128
13352,0.12279741437841987,-1.1421806022254783,-0.346046031502807
13354,0.25560785258344354,-1.1421806022254783,0.2726965799977674
13355,0.7059841640227111,-1.1421806022254783,0.04453234177328047
13356,0.35182556963985595,-1.1421806022254783,0.09373383262780373
13357,1.3865576775364532,-1.1421806022254783,0.006569578950523199
13358,1.430637910736771,-1.1421806022254783,-0.3753001365062011
13359,0.17331659078189585,-1.1421806022254783,-0.36922027924793455
13362,-1.1443312534040568,0.7080332292303888,1.397638264373779
13363,-0.7303298502853449,-0.15732634212523552,0.4332473721650248
13364,0.25560785258344354,-1.1421806022254783,-1.0121678814306359
13365,-0.30067514330910233,-0.15732634212523552,1.0257284488840117
13368,1.3865576775364532,-0.15732634212523552,-0.10112823478926931
13369,1.7356037687254329,-1.1421806022254783,-0.7128400473943528
13370,1.7520786082162478,-1.1421806022254783,0.17219708054585323
13372,0.44847316797844267,-1.1421806022254783,-0.41431671918191726
13373,0.13568899379554164,0.37257502259223224,1.4098718177733314
13375,0.43923231330448226,-1.1421806022254783,0.17542976560223836
13376,0.5279209325674449,0.37257502259223224,0.43268245930433213
13379,-0.4876303449547161,0.37257502259223224,0.05282867243793356
13381,-0.34365422335675777,1.1139876296874291,1.502859942048112
13382,1.473060901891095,-1.1421806022254783,-0.7177404333629992
13384,-0.3659920991122902,1.2473999658429542,1.455205361587357
13385,1.631577314912051,-1.1421806022254783,-0.15307955914153024
13388,0.7679003989392914,-0.15732634212523552,0.02795485811719058
13389,-1.0304416842462376,0.37257502259223224,0.2910885804621479
13390,0.29958131850608055,-1.1421806022254783,-0.37537804599432073
13394,-1.8284860004532224,1.3539192402952056,1.1510210886912071
13395,1.077331758821227,-1.1421806022254783,-0.5274419892927874
13396,-0.4125347572453631,-0.15732634212523552,0.5269123405157856
13397,0.2778506796454355,0.7080332292303888,0.6720994923856922
13398,1.1115483898802259,-1.1421806022254783,-0.19259449742635165
13402,0.7408460600978252,-0.15732634212523552,0.14850848019394763
13403,-0.7303298502853449,-1.1421806022254783,-2.141790055962345
13404,-2.0344322917066844,-0.15732634212523552,-0.5236611810302186
13405,0.2887784270770501,0.37257502259223224,-0.23568591880595574
13408,-1.8284860004532224,2.17584552054008,2.4572431383723776
13410,-0.5417973579979597,0.7080332292303888,0.15002958848447495
13411,0.5935248754373961,-1.1421806022254783,-0.6925317648826206
13414,0.78773127048894,-0.15732634212523552,0.12241041257615515
13416,-0.11312154370340959,-0.15732634212523552,0.13365839835685234
13417,-1.4485587856030968,-0.15732634212523552,-0.4131188480847283
13418,-0.9795284129162457,1.840535090348796,1.8692099743146613
13419,0.17331659078189585,-1.1421806022254783,-0.6280967958613229
13420,0.8874922060612215,-0.15732634212523552,-1.3436341618857697
13421,-0.18335464868184115,-0.15732634212523552,0.9535805720398568
13422,0.17331659078189585,-1.1421806022254783,1.2648688136665314
13425,0.6014283161148343,0.37257502259223224,0.6259345031038233
13426,-2.0344322917066844,1.5140076112100918,1.4921112328472201
13427,-0.6956335185132512,0.37257502259223224,-0.07344923547366183
13428,-1.0851524766045704,-1.1421806022254783,-0.80371313035986
13429,-1.0304416842462376,0.7080332292303888,0.41533590472441706
13430,-0.6956335185132512,-0.15732634212523552,0.1305103383348901
13431,0.20947615164583766,-0.15732634212523552,0.4134536326930589
13434,0.2887784270770501,-0.15732634212523552,-0.7928907094538187
13435,-1.4485587856030968,1.2473999658429542,1.1061923924377728
13436,-1.8284860004532224,-1.1421806022254783,-1.1452879712794382
13437,-0.8870901036233153,1.2473999658429542,1.2978356237812267
13439,1.3790398480052746,-1.1421806022254783,-0.461340267444901
13441,0.46669531704171824,-1.1421806022254783,-0.7248273969075038
13447,-0.5702958889100813,0.37257502259223224,0.6018001445524014
13448,-0.7666372915455425,1.1139876296874291,1.4991091132717558
13449,-0.5417973579979597,-1.1421806022254783,-0.40931913870532427
13450,-0.4618328162388857,1.1139876296874291,0.7776855775994217
13451,-0.4876303449547161,0.9413631875519174,1.3791157303852066
13453,0.9785243333842288,-0.15732634212523552,-0.5454936954972073
13455,-0.5142648687645806,-0.15732634212523552,0.24298243817745727
13456,-0.7303298502853449,0.9413631875519174,0.7158256671169191
13458,-1.2798718810873329,1.7164188947372359,2.2565105742090856
13460,-0.4125347572453631,-0.15732634212523552,-0.7739657902478078
13461,-0.20183315632561427,0.37257502259223224,-0.31261971620363044
13462,1.371471229871686,-1.1421806022254783,-1.011938981117178
13464,0.09645820643169936,-1.1421806022254783,0.17483207172761953
13466,1.072353409001506,-1.1421806022254783,-0.715523662959251
13467,-1.0304416842462376,-0.15732634212523552,0.46844238102237373
13468,-1.8284860004532224,2.0951988199478917,1.6809473058835058
13470,0.5279209325674449,-0.15732634212523552,-0.8564454476896914
13471,-2.0344322917066844,0.7080332292303888,1.2379315435625862
13473,0.13568899379554164,-0.15732634212523552,-0.31947747506047175
13474,1.3049771101638454,-1.1421806022254783,-0.7548532661920923
13475,1.1067264535528785,0.7080332292303888,0.6697903151237015
13476,1.0471082026548297,-0.15732634212523552,0.2876281905133097
13477,-0.2207141713346106,1.1139876296874291,0.7629697799782165
13479,1.154003112320381,-0.15732634212523552,-0.4971047537900996
13481,-0.08000284691952356,0.9413631875519174,1.0069221142158025
13482,1.2887356965125554,-1.1421806022254783,-0.7688808539993901
13483,0.1975784585920764,-1.1421806022254783,-0.9819554926649411
13484,1.324949900362801,-1.1421806022254783,-0.6967689291616597
13485,1.2928184451927718,-1.1421806022254783,-0.17033278529869297
13486,0.33127071588747836,0.37257502259223224,0.5799136666297273
13487,0.09645820643169936,0.37257502259223224,-0.24062685210232929
13488,-0.7666372915455425,1.675591966784018,2.1568964983291345
13489,0.5775269238877871,0.37257502259223224,-0.808713316722182
13491,0.012541544596951157,1.5140076112100918,0.5326807237714575
13492,0.800741889307939,0.37257502259223224,0.32345748713351646
13493,1.493691849959924,-1.1421806022254783,-2.6409030239038747
13494,1.575854558163292,-1.1421806022254783,-0.3979719816072398
13495,-1.2088496996586264,0.9413631875519174,1.024378528277389
13496,-1.0304416842462376,-0.15732634212523552,0.11548749805963658
13497,1.4799795670254212,-0.15732634212523552,-0.2698755290380591
13499,-0.7303298502853449,0.9413631875519174,0.1779618529188434
13500,-0.5702958889100813,0.37257502259223224,0.589055416630124
13501,1.4970942624576842,-1.1421806022254783,0.44276396612566193
13502,-0.7666372915455425,0.37257502259223224,-0.4647248535257124
13503,0.25560785258344354,-1.1421806022254783,-0.7345231695209387
13504,0.17331659078189585,-1.1421806022254783,-0.4991285864126066
13505,0.2778506796454355,0.7080332292303888,1.501896843949096
13506,1.5884716803482772,-0.15732634212523552,-0.20119298905133493
13507,-1.6752065827819893,0.7080332292303888,1.1479053110934456
13508,1.3367635017805546,-1.1421806022254783,-1.5532685229605305
13509,-1.1443312534040568,0.9413631875519174,0.2460241323691199
13510,-2.0344322917066844,0.7080332292303888,0.9481769759891051
13512,1.4014438771103972,-1.1421806022254783,-0.6020949667993869
13513,0.7408460600978252,-1.1421806022254783,-1.0257905915943348
13514,0.2887784270770501,-1.1421806022254783,-0.9191331283143614
13515,0.2778506796454355,0.7080332292303888,0.43220490713948484
13516,0.2778506796454355,-0.15732634212523552,0.17639844113712236
13517,0.12279741437841987,0.37257502259223224,1.081934919096761
13518,0.4109687178442798,-1.1421806022254783,0.12130550138121987
13519,0.33127071588747836,-1.1421806022254783,-1.422631181195747
13520,0.10972239650768487,1.1139876296874291,0.9573275551891948
13521,-2.0344322917066844,0.37257502259223224,0.5803629220301538
13522,-0.3889398912265015,-1.1421806022254783,-1.06639640360645
13523,-0.32189228833536065,0.9413631875519174,1.2237121722097601
13524,-0.16526055765926362,0.9413631875519174,0.13983563075622424
13525,-0.8447985484134556,-1.1421806022254783,-1.323048390431514
13527,-0.30067514330910233,1.2473999658429542,1.1114090530730858
13529,0.3416035021098939,-0.15732634212523552,-0.6831357682445254
13531,1.1723505139298287,-0.15732634212523552,-0.24814692228021223
13532,-0.30067514330910233,-1.1421806022254783,-0.6671564669692533
13533,1.067351813449237,0.37257502259223224,-0.5411499319048795
13534,-1.8284860004532224,1.95829848038676,1.9529872605143128
13536,-2.0344322917066844,1.2473999658429542,1.3223936213399092
13538,-0.13015925602825726,0.9413631875519174,0.28968995756193283
13539,0.4109687178442798,0.37257502259223224,-0.07133342198707808
13544,-0.18335464868184115,-0.15732634212523552,-0.6273877159765314
13546,-0.9795284129162457,0.37257502259223224,0.10059358733960098
13548,0.502148666903663,-0.15732634212523552,0.03960182630555788
13549,-0.4876303449547161,1.2473999658429542,0.392299648955195
13551,1.5978447903130049,-1.1421806022254783,-1.7148416073352784
13552,0.1975784585920764,1.6291803310375392,1.2410878075402931
13555,0.2887784270770501,0.7080332292303888,1.2346241041542847
13557,-0.4368174524113916,-0.15732634212523552,0.05697640080428937
13558,-1.35900440190184,0.7080332292303888,0.11188231248551606
13560,-1.2798718810873329,-1.1421806022254783,-0.8134768787579454
13561,1.2212676709423542,-1.1421806022254783,-1.9497718618931368
13562,0.3719475869257092,0.37257502259223224,0.8906264850500717
13563,0.39165598958417785,-0.15732634212523552,-0.21030697069988785
13564,1.7019454553813549,-0.15732634212523552,0.4879373734756564
13565,-0.6956335185132512,-0.15732634212523552,-0.5628438375592866
13566,-0.16526055765926362,-0.15732634212523552,0.46183536507723455
13568,1.0160035801223155,-1.1421806022254783,-0.8106687447910467
13569,-0.7666372915455425,-0.15732634212523552,-0.4251225168375979
13570,1.3328395542355918,-1.1421806022254783,-0.6622202345320971
13571,-0.9318853875046619,1.6291803310375392,1.158546802565406
13572,1.1768893571618266,-1.1421806022254783,0.15356800293406445
13573,-0.01725551879332896,-0.15732634212523552,-0.5697771852341433
13575,-0.5702958889100813,0.9413631875519174,0.26039675595882167
13576,-1.0851524766045704,1.8141609571842097,1.062860906026743
13577,-0.5142648687645806,0.7080332292303888,0.8284481925662431
13579,-0.8447985484134556,-0.15732634212523552,-0.3333438271142397
13581,1.5663001993333556,-1.1421806022254783,-1.6688085672741366
13583,0.9225621135173867,-1.1421806022254783,0.2799150518910304
13584,1.559886260722143,-1.1421806022254783,-1.453986575752926
13587,0.17331659078189585,-1.1421806022254783,-0.8424361298795912
13588,-0.8047267163130117,1.4411389437857045,1.27923447878099
13589,-0.8447985484134556,-0.15732634212523552,-0.5126387009871538
13590,-1.0304416842462376,1.1139876296874291,0.8664953504072603
13591,0.1855267296633859,0.37257502259223224,0.4082327977123623
13592,-0.25976293771736747,0.37257502259223224,-0.8827341459330034
13593,0.6014283161148343,0.9413631875519174,0.9115624145477875
13594,0.027078278817641344,-1.1421806022254783,-0.16523702225910786
13596,-1.35900440190184,-0.15732634212523552,0.19207049572877907
13598,-0.06389671920754665,-1.1421806022254783,-1.017277974372148
13599,-2.0344322917066844,1.9066176529747072,1.6982273432991064
13600,1.575854558163292,-1.1421806022254783,-1.5521350070447761
13601,-0.09640706158582192,-0.15732634212523552,0.24651172012210273
13602,0.1855267296633859,-1.1421806022254783,-0.1618707004501374
13603,-0.4876303449547161,-1.1421806022254783,-1.0444033825111747
13606,-0.4125347572453631,-0.15732634212523552,-0.9190312492408493
13607,-0.18335464868184115,-1.1421806022254783,0.11823801655205671
13610,-0.9795284129162457,1.2473999658429542,0.4868788489285368
13611,0.43923231330448226,0.37257502259223224,0.5589077684300214
13614,-0.5417973579979597,0.7080332292303888,0.6408140751485594
13615,1.5978447903130049,-1.1421806022254783,-0.18779208314241416
13617,-0.18335464868184115,0.37257502259223224,-0.07578654146598289
13618,1.021251236962237,-1.1421806022254783,-0.9073004233328814
13621,0.6698788008538272,-1.1421806022254783,-0.6688707902531337
13623,-0.3659920991122902,0.9413631875519174,-0.17517586006239477
13626,1.371471229871686,-1.1421806022254783,-0.559220142921915
13627,0.10972239650768487,0.9413631875519174,0.7321444599239665
13629,0.8450260030809356,-1.1421806022254783,-0.4392984246797748
13630,-1.4485587856030968,1.2473999658429542,0.46388397267659004
13631,0.5363636795631103,0.9413631875519174,-0.3061530534407122
13632,-0.5142648687645806,0.9413631875519174,1.048467497918232
13634,-0.32189228833536065,0.9413631875519174,0.6890576465731088
13635,0.22122399996171724,-1.1421806022254783,0.6055647059771786
13636,-0.24001712710008624,0.9413631875519174,0.31406271585569856
13637,0.012541544596951157,0.37257502259223224,0.3366924561374807
13638,-0.8047267163130117,-1.1421806022254783,-1.2647969624886566
13639,0.2887784270770501,-1.1421806022254783,0.22585716654002247
13642,1.2212676709423542,-1.1421806022254783,-0.4750815584361461
13643,-0.3659920991122902,0.37257502259223224,-0.032988453059108434
13644,-0.8047267163130117,0.7080332292303888,1.1426645172116219
13645,0.6916965680237024,-1.1421806022254783,-2.1274049521895586
13647,-1.0851524766045704,0.7080332292303888,0.7049135253600217
13649,1.3865576775364532,-0.15732634212523552,-0.3029388450534406
13650,-0.7666372915455425,1.1139876296874291,0.9493743134975131
13651,-0.18335464868184115,-1.1421806022254783,-1.5894836584189296
13652,-0.08000284691952356,0.37257502259223224,0.5832487452274615
13654,-0.13015925602825726,1.1139876296874291,1.2538704455859326
13655,0.647577642958288,-0.15732634212523552,0.34967714258444693
13656,0.973060085911785,-0.15732634212523552,-0.3370519738551378
13657,-1.0304416842462376,-0.15732634212523552,-0.33405942114957143
13658,-1.0851524766045704,0.9413631875519174,1.0338691255270556
13659,1.1768893571618266,-0.15732634212523552,0.7467674409713444
13662,0.4109687178442798,0.37257502259223224,0.24709644747535603
13663,1.0471082026548297,-1.1421806022254783,-1.3140406861543248
13666,0.12279741437841987,0.37257502259223224,-1.5394388505717433
13667,0.881530849050128,-1.1421806022254783,-0.5061452663551913
13668,-1.6752065827819893,1.9066176529747072,1.7990016651210263
13669,-0.002233519485077917,-0.15732634212523552,-0.8793823313522084
13670,0.29958131850608055,-1.1421806022254783,-0.3044848461421633
13672,1.5404267112747503,-0.15732634212523552,-0.7615224944793639
13673,-0.6956335185132512,-0.15732634212523552,-0.36867917640225834
13675,0.8934196358335683,-0.15732634212523552,-0.02458824486452464
13678,0.8993135527648733,-1.1421806022254783,-1.4865396366100663
13680,-2.0344322917066844,0.7080332292303888,1.1970523928452834
13681,-0.7303298502853449,0.7080332292303888,0.39452606496976533
13682,1.0872196463115573,-1.1421806022254783,-2.050605754166092
13684,1.490279240748105,-1.1421806022254783,-1.544133812667217
13685,-1.6752065827819893,0.7080332292303888,-2.4006972707463903
13686,1.067351813449237,-1.1421806022254783,-1.492396021319861
13689,0.16094347398622413,-1.1421806022254783,-2.6339519097393858
13690,0.10972239650768487,-1.1421806022254783,-1.397578019175847
13692,-0.5142648687645806,-0.15732634212523552,0.34581485913428905
13694,-1.552045934706048,1.8645334205085187,1.3626394003070046
13695,-0.3659920991122902,1.675591966784018,0.9749388376415484
13697,-0.20183315632561427,-1.1421806022254783,-0.9237311638698956
13699,0.9167982557003951,-1.1421806022254783,-1.5128131226031185
13700,-0.4876303449547161,1.5140076112100918,1.0896242544063004
13704,-1.4485587856030968,1.4411389437857045,1.0720979204592207
13705,-1.2088496996586264,0.37257502259223224,0.007595188758620098
13706,1.546949960091995,-1.1421806022254783,-0.41200423623093313
13707,1.4234100154207303,-0.15732634212523552,0.14041758188981396
13708,1.4378198108207467,-1.1421806022254783,-0.4649857917493078
13709,-1.552045934706048,1.675591966784018,1.8726974997202177
13710,-0.34365422335675777,-1.1421806022254783,-1.2853541395193555
13711,1.2342373637481967,-0.15732634212523552,-0.5896548163885587
13712,1.3484530871233855,-1.1421806022254783,-1.3384371909524555
13715,1.473060901891095,0.9413631875519174,0.5950147633585032
13716,1.430637910736771,-1.1421806022254783,-0.9933891200881306
13717,-0.34365422335675777,1.1139876296874291,0.6494770131925929
13718,1.3445701647258579,-0.15732634212523552,-0.5557423230783939
13719,-0.8447985484134556,0.9413631875519174,0.4529914597267922
13720,0.6698788008538272,0.7080332292303888,0.27374680180388244
13721,-0.25976293771736747,-1.1421806022254783,-0.028726617448158093
13722,0.7745534629301226,0.37257502259223224,1.153342179838638
13723,1.2256079781275764,-1.1421806022254783,-0.9299032734218283
13725,-0.01725551879332896,1.2473999658429542,0.7319331253210829
13726,-0.20183315632561427,-0.15732634212523552,-0.10309892308250643
13727,-0.4125347572453631,-0.15732634212523552,-0.42600648513861444
13728,-0.24001712710008624,1.1139876296874291,-0.0877565439848845
13730,0.800741889307939,-0.15732634212523552,0.05465931610765855
13731,1.2342373637481967,-0.15732634212523552,0.037643297085429316
13732,-0.4368174524113916,-1.1421806022254783,0.0060970432899571485
13735,-0.5142648687645806,0.7080332292303888,1.1392566618771678
13736,-1.4485587856030968,-0.15732634212523552,0.11893488016773011
13737,1.1493673703667233,-1.1421806022254783,-0.7646258168249213
13739,-0.7303298502853449,-1.1421806022254783,-1.07069633680866
13740,1.324949900362801,-1.1421806022254783,-0.581075944486111
13741,0.2667949163187858,0.37257502259223224,-0.14803064997776275
13742,-0.7666372915455425,1.6291803310375392,1.116970519169188
13743,-1.6752065827819893,1.2473999658429542,0.4038267346770376
13744,0.4934051657049856,-0.15732634212523552,0.5738044565362859
13745,0.9564953954736334,-1.1421806022254783,-0.5591224300583002
13748,0.502148666903663,0.7080332292303888,-0.3152690523534666
13750,0.04138483603978646,0.37257502259223224,-0.551601475151577
13751,1.4970942624576842,-1.1421806022254783,-1.455487465388785
13752,0.7200729279636864,1.1139876296874291,0.3173254857992036
13753,1.4970942624576842,-1.1421806022254783,0.3025582051688406
13754,0.8993135527648733,-0.15732634212523552,-1.0434504448839728
13755,-1.552045934706048,1.4411389437857045,0.9955628665150422
13756,-1.8284860004532224,1.675591966784018,1.4472338955634865
13758,-0.9795284129162457,1.2473999658429542,1.132654745627887
13759,-0.32189228833536065,-0.15732634212523552,-0.08383803689275465
13760,0.04138483603978646,-0.15732634212523552,-0.4232197254686057
13761,-0.01725551879332896,-0.15732634212523552,0.559318183867786
13762,1.2342373637481967,-1.1421806022254783,-1.0223050735784602
13763,0.16094347398622413,-1.1421806022254783,-0.3657736854312815
13764,0.25560785258344354,0.37257502259223224,0.8281197674496699
13767,-1.8284860004532224,2.087767261724753,2.2839556288761114
13769,-1.8284860004532224,1.5140076112100918,1.207090144144211
13771,0.17331659078189585,0.7080332292303888,1.2264342129386694
13772,-0.30067514330910233,0.37257502259223224,0.6023889749791485
13774,0.3719475869257092,-1.1421806022254783,-0.35114758707977056
13777,-1.1443312534040568,1.8864734417209479,1.5813500707097006
13778,0.5612666858082994,-1.1421806022254783,-0.7943718099572126
13780,-1.2798718810873329,-0.15732634212523552,-0.5399721934692019
13781,1.363851076028933,-1.1421806022254783,-1.529581892594996
13782,-0.9318853875046619,1.1139876296874291,0.3639132456112732
13784,0.6400324499796085,0.9413631875519174,-0.5401312472562523
13786,1.7383656183939098,-1.1421806022254783,-0.9366439070425943
13787,0.3102623955010061,-0.15732634212523552,-0.5917205781874063
13790,-1.552045934706048,-1.1421806022254783,-0.5739791615059238
13792,0.1975784585920764,-0.15732634212523552,-0.7756253437286024
13798,-1.2088496996586264,1.95829848038676,1.2069499673147361
13799,0.6698788008538272,-0.15732634212523552,0.22924841557442532
13800,1.5694938056688805,-1.1421806022254783,-0.0024882286067106933
13801,0.20947615164583766,-1.1421806022254783,-0.5406404294023764
13802,0.8199541666040955,0.37257502259223224,0.6344529725678963
13803,1.3790398480052746,-1.1421806022254783,-0.45044392391509946
13804,-0.3659920991122902,1.2473999658429542,1.2691847024554608
13806,0.17331659078189585,-1.1421806022254783,-0.6385568329891177
13807,1.7383656183939098,-1.1421806022254783,-1.4050576392983325
13808,-1.35900440190184,0.9413631875519174,0.6697903151237027
13809,1.5534363273924467,-1.1421806022254783,-1.625959847474252
13810,-0.4125347572453631,-0.15732634212523552,0.1780545049990213
13812,-0.1475340129282601,0.37257502259223224,-0.06140126725245146
13813,-0.18335464868184115,0.7080332292303888,0.6203550592168254
13814,0.46669531704171824,-0.15732634212523552,0.8166423329961185
13815,-0.5998368088904396,0.7080332292303888,1.4922341019988996
13816,-0.5417973579979597,-0.15732634212523552,-0.11945475825915225
13817,-0.4125347572453631,-0.15732634212523552,-0.31459385890565394
13819,1.5436929741743444,0.37257502259223224,0.1984354489878843
13821,0.8573375787693495,-0.15732634212523552,-0.3318652793132468
13822,-1.35900440190184,-0.15732634212523552,-0.05663813495685833
13823,-0.6956335185132512,-0.15732634212523552,0.27086436517375034
13824,-0.32189228833536065,0.9413631875519174,0.7100654582989333
13826,1.031669483853163,-1.1421806022254783,-1.2252179678189874
13827,0.09645820643169936,0.37257502259223224,-0.563891526516397
13828,-0.5998368088904396,-1.1421806022254783,-0.8403556784306799
13831,-0.8047267163130117,0.7080332292303888,0.061728267435168495
13832,-0.6956335185132512,-1.1421806022254783,-1.7339002135748596
13833,0.9396658454083229,-1.1421806022254783,-0.6093747042035508
13835,-0.5142648687645806,0.7080332292303888,0.28145874620638756
13837,1.203732221452046,-0.15732634212523552,-0.6099294063417198
13838,-1.35900440190184,0.7080332292303888,0.062352682391594014
13842,0.10972239650768487,1.4411389437857045,1.355807425876617
13844,-1.0304416842462376,-1.1421806022254783,-0.27658896843660064
13845,0.1855267296633859,-1.1421806022254783,-0.8908066820427761
13846,-0.5142648687645806,0.37257502259223224,0.3278005008835705
13849,0.012541544596951157,-0.15732634212523552,0.8112790784557783
13850,0.7544629096604374,-1.1421806022254783,0.9014994737569159
13851,0.502148666903663,0.37257502259223224,0.9327620990332579
13853,0.082998830205763,-1.1421806022254783,0.09184104133031375
13854,-1.1443312534040568,1.95829848038676,1.3565499715844656
13856,0.9947495566046998,0.37257502259223224,-1.1008242768460585
13858,0.082998830205763,-1.1421806022254783,-0.7772456467248461
13859,1.6194242945112962,-1.1421806022254783,-0.8206981643822533
13860,-2.0344322917066844,0.9413631875519174,0.6633572380427569
13862,-0.7303298502853449,1.3539192402952056,1.204551719338264
13863,1.3523225394809237,-1.1421806022254783,-0.4859291473369318
13865,0.09645820643169936,0.7080332292303888,-0.08708086306907124
13866,0.2887784270770501,-1.1421806022254783,-0.953110238947713
13867,-0.3659920991122902,0.37257502259223224,0.31283727512625564
13868,-0.20183315632561427,-1.1421806022254783,-0.10449614138640871
13869,0.7130530259563577,0.7080332292303888,1.3267175903128454
13870,-1.8284860004532224,1.3539192402952056,1.0229153005415639
13871,-0.5702958889100813,1.675591966784018,1.9337988442512306
13873,0.6916965680237024,0.37257502259223224,-0.3265646036916372
13874,1.713272404991934,-1.1421806022254783,-0.539527008983027
13875,0.04138483603978646,0.9413631875519174,0.9008522470735539
13876,0.17331659078189585,-1.1421806022254783,-1.2518470920519664
13877,0.4109687178442798,-1.1421806022254783,-2.530621239626465
13878,0.05546894815436756,-1.1421806022254783,0.605968748866307
13880,-0.6305061529282221,1.675591966784018,1.46952074092378
13881,-0.7303298502853449,1.675591966784018,1.4624332868699534
13882,-1.6752065827819893,0.9413631875519174,0.2743833682460638
13883,-1.0304416842462376,0.9413631875519174,1.221705125375512
13884,-1.2798718810873329,0.7080332292303888,0.25544463279007723
13885,1.0970172910050466,-0.15732634212523552,-0.17894444473669585
13886,0.25560785258344354,-1.1421806022254783,-0.6370132322806216
13887,1.167792642233864,-1.1421806022254783,-0.40373333192386845
13888,0.6916965680237024,-0.15732634212523552,0.028795661590885605
13889,0.4756800668708009,-1.1421806022254783,-0.126166053575971
13890,-2.0344322917066844,1.5140076112100918,1.067368111511568
13892,-0.4618328162388857,0.7080332292303888,-0.1394637467588509
13893,1.5305716852100901,-1.1421806022254783,-0.7234688792701249
13894,-0.5417973579979597,-0.15732634212523552,-0.10044146534404759
13895,-0.4368174524113916,0.7080332292303888,1.2095006977848797
13897,-0.01725551879332896,-1.1421806022254783,-0.3587203701720636
13898,1.6194242945112962,-1.1421806022254783,-0.9897637112288151
13899,-0.8047267163130117,-0.15732634212523552,-0.29426442566811023
13900,1.1163488423526466,-0.15732634212523552,0.10155232663074917
13901,0.2667949163187858,0.9413631875519174,1.2913225782892306
13904,-0.24001712710008624,-0.15732634212523552,-0.3058191389593937
13908,0.35182556963985595,0.7080332292303888,1.1298930439059436
13911,0.8512000847218852,1.3539192402952056,1.0967840272900822
13914,-0.9795284129162457,-0.15732634212523552,0.1723037075724015
13917,-0.01725551879332896,-0.15732634212523552,-0.5247529908498502
13918,-0.01725551879332896,-0.15732634212523552,0.11758328293013606
13919,0.10972239650768487,-0.15732634212523552,-0.3076812626690127
13922,1.6962406770929324,-1.1421806022254783,-1.397578019175847
13923,0.04138483603978646,-1.1421806022254783,-0.34242152216071103
13924,-1.8284860004532224,1.1139876296874291,0.9370353725405822
13925,0.4756800668708009,0.7080332292303888,-0.13734563769418087
13926,-0.5702958889100813,-1.1421806022254783,-0.9299032734218283
13927,0.29958131850608055,-1.1421806022254783,-0.2677333701993232
13928,-1.0304416842462376,0.7080332292303888,-0.2967368045384145
13929,0.9947495566046998,-0.15732634212523552,-0.42691908556841285
13930,0.09645820643169936,-0.15732634212523552,-0.29468773040790386
13931,0.502148666903663,-0.15732634212523552,0.5436645828468577
13932,1.520631071339477,-1.1421806022254783,-0.7230697510899935
13933,0.6092695128371648,-0.15732634212523552,0.13434238951062333
13934,1.4124805251279904,-1.1421806022254783,0.4172834140635817
13936,1.0522051761648727,-1.1421806022254783,-0.22182258376343053
13937,0.9947495566046998,-1.1421806022254783,-1.0515268345458095
13938,-0.2799741544043472,-1.1421806022254783,-1.4959730979115637
13939,-0.5702958889100813,0.37257502259223224,-0.036534038357386334
13940,-0.7666372915455425,0.7080332292303888,0.22862606362922247
13941,-0.5998368088904396,0.9413631875519174,0.8502852985063177
13946,0.3416035021098939,0.37257502259223224,-1.6638283226930426
13947,0.1855267296633859,-1.1421806022254783,-1.3179846999926006
13948,1.7216964569621855,-1.1421806022254783,-1.511521384934019
13949,-1.6752065827819893,1.1139876296874291,1.199805610205201
13950,-1.0304416842462376,0.7080332292303888,-0.08735472077034122
13951,1.031669483853163,0.37257502259223224,0.025793392125622303
13952,1.2299311606297079,-0.15732634212523552,1.2680691594621134
13953,-1.2798718810873329,-0.15732634212523552,-0.483552157273566
13954,-1.8284860004532224,-0.15732634212523552,-0.36726370423192384
13955,0.9110024672408381,-0.15732634212523552,-0.5658267662446546
13956,-1.4485587856030968,0.9413631875519174,0.26514079651606853
13959,0.3416035021098939,0.37257502259223224,0.039460967520397086
13960,-0.6305061529282221,-0.15732634212523552,-0.5962429998851767
13962,-0.5998368088904396,-0.15732634212523552,-1.392939051111741
13963,1.563097702232591,0.7080332292303888,-0.031997738590057674
13967,0.8634389504272652,-1.1421806022254783,-2.0148958715317056
13969,-1.2798718810873329,1.840535090348796,2.1461642934120486
13971,-0.6956335185132512,1.3539192402952056,1.338255124359559
13972,0.25560785258344354,-0.15732634212523552,-0.8135661869074392
13973,1.493691849959924,-1.1421806022254783,-0.7600170891486384
13974,-0.03253354575706003,-1.1421806022254783,-0.13252744715805975
13975,-0.3659920991122902,1.1139876296874291,1.2607431528514608
13976,1.1814093427227434,-1.1421806022254783,-0.603986219249658
13978,-0.8447985484134556,-0.15732634212523552,-1.0261982293943461
13979,0.2778506796454355,-1.1421806022254783,0.46662948561849715
13980,0.12279741437841987,-1.1421806022254783,-1.1236664714446072
13982,-0.20183315632561427,0.7080332292303888,0.8706125692129824
13983,-0.18335464868184115,1.4411389437857045,0.7811141346013181
13984,-0.4618328162388857,0.7080332292303888,-0.4494191807676067
13985,-1.552045934706048,1.752642309092698,2.1922976324261336
13986,-0.7666372915455425,-1.1421806022254783,-0.762904929238682
13988,-0.6624013797032222,1.1139876296874291,1.5364835741404361
13989,0.1975784585920764,-0.15732634212523552,-0.04370602059792134
13990,1.2081425192857578,-1.1421806022254783,-0.4074259217907996
13991,-0.9795284129162457,1.1139876296874291,0.3186560663207974
13992,-0.3889398912265015,-1.1421806022254783,-1.443559763646939
13993,-0.13015925602825726,1.3539192402952056,1.2027143612109295
13994,-1.552045934706048,1.1139876296874291,1.1631379662666899
13995,-0.8447985484134556,0.9413631875519174,0.8009393867226815
13999,-1.0851524766045704,1.6291803310375392,1.6214798316678212
14000,1.1993040429374937,-1.1421806022254783,-0.49394320124464886
14001,-0.08000284691952356,0.37257502259223224,0.4265117559213026
14002,0.78773127048894,-0.15732634212523552,-0.22427907800433136
14004,-0.13015925602825726,1.2473999658429542,1.468022907037898
14005,-1.0851524766045704,0.9413631875519174,0.7583637457095561
14006,0.6624999285363061,0.37257502259223224,0.025013237452025116
14009,1.1400359430544447,-0.15732634212523552,0.22644414644477437
14012,1.462603193933059,-1.1421806022254783,-0.3150278476601271
14013,0.6170495150333525,0.37257502259223224,-0.09116165717167533
14014,0.32082458720812473,-1.1421806022254783,-0.3760535741010617
14015,0.027078278817641344,-1.1421806022254783,0.17601376049711082
14016,0.9564953954736334,0.7080332292303888,1.3838069213190265
14019,-0.06389671920754665,0.37257502259223224,0.5729068796954198
14020,-0.7666372915455425,-0.15732634212523552,0.12996345370652762
14021,0.9167982557003951,0.37257502259223224,0.012332204263190037
14022,1.259725918569415,-1.1421806022254783,-0.16557843380474235
14023,-1.2798718810873329,-0.15732634212523552,0.0821925653433906
14024,0.7059841640227111,-0.15732634212523552,-0.3917210200353636
14027,0.13568899379554164,-1.1421806022254783,-1.20658439531987
14029,0.16094347398622413,-0.15732634212523552,-0.34734979354409873
14030,-0.7303298502853449,1.3539192402952056,0.9643476640489769
14031,-1.2798718810873329,1.785023119276935,2.100366593030401
14032,-1.8284860004532224,1.575895246520602,1.2204334696525683
14034,-0.5998368088904396,0.37257502259223224,-0.27280157591334
14035,-0.4125347572453631,0.9413631875519174,0.4724095243520459
14036,1.4868563685747889,-1.1421806022254783,-0.06290650217439896
14037,1.031669483853163,-0.15732634212523552,-0.9879849235766769
14038,0.33127071588747836,0.37257502259223224,0.9457242797282116
14039,-0.32189228833536065,-1.1421806022254783,-1.388327225618886
14040,-0.16526055765926362,1.6291803310375392,1.1229429292544475
14041,1.4197786197316518,-1.1421806022254783,-0.9760806413035122
14044,-0.4618328162388857,0.7080332292303888,0.07884176119457045
14046,1.483423166528643,-1.1421806022254783,-1.8008663157845095
14047,-1.1443312534040568,0.7080332292303888,0.13880929090572186
14048,1.5534363273924467,-1.1421806022254783,-0.15947462395263964
14049,-0.7666372915455425,0.7080332292303888,1.8670444415972867
14050,-0.34365422335675777,-0.15732634212523552,0.3422604282164811
14051,-2.0344322917066844,1.9423599510466845,2.548596788267069
14052,-0.6624013797032222,-1.1421806022254783,-0.816653417389096
14053,0.9453056894998114,-1.1421806022254783,-1.89972196452661
14054,0.1855267296633859,-1.1421806022254783,-1.3024903524872355
14055,0.5855581134555359,-1.1421806022254783,-0.9348754791314863
14056,-2.0344322917066844,1.9423599510466845,2.064952181990935
14057,-0.5417973579979597,1.752642309092698,1.7549810255189164
14059,1.4234100154207303,-1.1421806022254783,-1.0257905915943348
14060,-1.4485587856030968,1.785023119276935,1.3674987419739795
14062,-1.0851524766045704,1.4411389437857045,1.2641006361409197
14064,-0.4125347572453631,0.9413631875519174,0.40175650975630534
14066,1.4234100154207303,-1.1421806022254783,-1.1401631989396697
14067,0.17331659078189585,-0.15732634212523552,-0.45624666712605744
14068,1.6009523339333225,-1.1421806022254783,-0.5350885718825069
14071,-1.552045934706048,1.3539192402952056,0.5747750627904619
14073,-0.34365422335675777,-1.1421806022254783,-0.9250644194059238
14075,-1.4485587856030968,0.37257502259223224,0.3226795569884243
14076,0.7544629096604374,-1.1421806022254783,-1.201485187859969
14077,-0.16526055765926362,0.9413631875519174,-0.2562977090236207
14078,0.55303527029832,1.1139876296874291,0.526938452775987
14079,0.7270445967870957,-1.1421806022254783,-0.9447557799638372
14080,-0.32189228833536065,-1.1421806022254783,-1.834443801333658
14081,1.5436929741743444,-0.15732634212523552,0.28458411603677775
14082,1.732835425848913,-1.1421806022254783,-1.0587752166905502
14083,-1.552045934706048,1.3539192402952056,0.4339675682916243
14085,-1.8284860004532224,1.840535090348796,1.7038059715298794
14087,-1.6752065827819893,-1.1421806022254783,-0.7543138126456161
14088,-1.0851524766045704,1.6291803310375392,2.909008123884547
14089,0.082998830205763,-1.1421806022254783,-1.1469132121012624
14092,-1.2088496996586264,1.7164188947372359,1.7057077279444497
14093,-0.9795284129162457,-1.1421806022254783,-0.11856278801477621
14096,-1.552045934706048,1.8141609571842097,3.6431126131356186
14098,-0.24001712710008624,-1.1421806022254783,-0.9442299427563492
14099,-0.8047267163130117,1.575895246520602,1.3920471011510271
14100,0.8135898353975748,-1.1421806022254783,-0.945018828304827
14101,1.520631071339477,-1.1421806022254783,-3.648754675938784
14102,-1.4485587856030968,0.9413631875519174,0.41651886333375737
14104,0.9785243333842288,-1.1421806022254783,-1.5168094114732922
14105,1.3170038513377686,-1.1421806022254783,0.650093462402346
14107,0.012541544596951157,1.2473999658429542,1.307881897834383
14108,-0.3659920991122902,-0.15732634212523552,0.08751095826456075
14109,0.2778506796454355,-1.1421806022254783,-0.9609622569482088
14110,-0.24001712710008624,1.5140076112100918,1.469575210650155
14111,0.502148666903663,-0.15732634212523552,-1.5894836584189296
14112,-0.5702958889100813,1.1139876296874291,1.3391231385414217
14113,-1.552045934706048,0.7080332292303888,0.19100272779609184
14114,1.6345957849655695,-1.1421806022254783,-0.7257476956296163
14116,-0.6624013797032222,0.9413631875519174,0.6515200841991677
14117,0.8512000847218852,-1.1421806022254783,-1.323048390431514
14121,-1.552045934706048,0.7080332292303888,1.2929898240685078
14125,-1.0304416842462376,0.37257502259223224,1.3020864228997358
14126,-1.0304416842462376,-1.1421806022254783,-0.7741358432747485
14127,0.7130530259563577,0.37257502259223224,0.02407288652310801
14128,0.13568899379554164,-0.15732634212523552,0.1987582255255867
14129,-1.8284860004532224,0.9413631875519174,0.6409660294895277
14130,1.5978447903130049,-1.1421806022254783,-0.23555681487881494
14132,-1.8284860004532224,1.575895246520602,1.4061764957396687
14133,0.7612037549916904,0.37257502259223224,0.018119054350257673
14135,-1.8284860004532224,1.752642309092698,1.4468954825533022
14138,-1.8284860004532224,-0.15732634212523552,0.5657662322612051
14139,-0.08000284691952356,-1.1421806022254783,-0.4470047666291371
14140,-1.552045934706048,-0.15732634212523552,0.5061943108207797
14141,-1.6752065827819893,0.7080332292303888,0.49650209636384424
14142,1.7548021788970043,-1.1421806022254783,-0.43946701146454326
14143,0.78773127048894,-1.1421806022254783,-1.571863547211325
14146,-1.1443312534040568,0.9413631875519174,1.5052836155112193
14147,0.33127071588747836,-0.15732634212523552,-1.6075093046544764
14148,1.2968861848047732,-1.1421806022254783,-2.1490847520898826
14149,1.2427994036328696,-1.1421806022254783,-0.11812664504473082
14150,-0.25976293771736747,-0.15732634212523552,0.1450860557334427
14152,0.29958131850608055,-0.15732634212523552,0.16928619536411574
14154,1.3170038513377686,-0.15732634212523552,0.2703435150442439
14155,1.4197786197316518,-1.1421806022254783,-1.1108018885864592
14156,-1.0851524766045704,2.1217298424928717,3.0433468775698684
14157,-0.6624013797032222,-0.15732634212523552,-0.13420769582579878
14158,-0.18335464868184115,-1.1421806022254783,-0.16441420277145133
14159,-0.6624013797032222,1.575895246520602,1.830664829094166
14161,1.2212676709423542,0.37257502259223224,0.4860932145104447
14162,1.021251236962237,-0.15732634212523552,-0.7139045305473749
14163,0.42048198794590724,0.7080332292303888,0.6214054921615618
14164,0.36193945002682054,-1.1421806022254783,-0.21185714128274058
14165,1.4555774190098685,-1.1421806022254783,-1.3729359701602208
14167,-0.20183315632561427,0.7080332292303888,0.058553203313049244
14171,0.5194051084410746,-1.1421806022254783,-0.36567102595190615
14173,-1.0304416842462376,0.7080332292303888,-0.6235694051695907
14174,-0.32189228833536065,-1.1421806022254783,-1.0743386846185594
14175,0.12279741437841987,0.37257502259223224,1.2221528185007793
14176,1.5272677361536333,0.7080332292303888,0.046396993262991515
14177,0.4109687178442798,0.7080332292303888,-0.0637577366400323
14178,-1.1443312534040568,1.2473999658429542,0.8948811671520128
14179,-0.16526055765926362,-0.15732634212523552,0.12011394296289951
14180,-1.0304416842462376,1.9731339718028382,1.0545941209995622
14184,0.20947615164583766,-1.1421806022254783,-0.5454616708699707
14185,1.6345957849655695,-1.1421806022254783,-2.745595148271503
14188,-0.3659920991122902,1.1139876296874291,1.0471297606280867
14189,-1.8284860004532224,1.752642309092698,1.6865063915138285
14191,-1.8284860004532224,1.675591966784018,1.7884963525821593
14193,0.22122399996171724,-0.15732634212523552,0.33219790465230165
14194,-1.4485587856030968,1.9066176529747072,2.4667030398868826
14196,0.5935248754373961,-1.1421806022254783,-1.4745456327337836
14198,-0.7303298502853449,0.7080332292303888,0.026604606291638966
14199,1.2299311606297079,-1.1421806022254783,-2.8960413655285184
14201,0.12279741437841987,1.2473999658429542,0.054797603040764184
14204,-1.8284860004532224,-1.1421806022254783,-0.9917138085629611
14205,-0.7666372915455425,-0.15732634212523552,-0.4193452096729807
14206,1.3170038513377686,-1.1421806022254783,-0.3806411819214405
14208,0.4934051657049856,-1.1421806022254783,-1.233944822580446
14209,-1.0304416842462376,1.1139876296874291,0.6571353998585753
14210,0.5855581134555359,1.1139876296874291,0.9747291236342955
14211,0.027078278817641344,1.4411389437857045,1.0458557811498446
14214,-0.3659920991122902,0.9413631875519174,0.5281735020349981
14215,-0.9795284129162457,1.1139876296874291,0.9921217280333469
14216,-1.6752065827819893,0.7080332292303888,0.6452096263415181
14217,-1.8284860004532224,1.8141609571842097,0.7650962578270699
14218,-0.13015925602825726,-1.1421806022254783,-0.8356139662020878
14219,-1.552045934706048,-1.1421806022254783,-1.4774240245176176
14220,1.3484530871233855,-0.15732634212523552,0.03627740962352613
14221,-0.1475340129282601,1.4411389437857045,1.3880188514054763
14222,1.036840613608142,-1.1421806022254783,0.13365839835685234
14223,0.46669531704171824,0.37257502259223224,0.3315491246406744
14224,0.6170495150333525,0.7080332292303888,0.2735109125733421
14226,-0.3889398912265015,0.7080332292303888,0.778595632656036
14227,-0.4876303449547161,1.4411389437857045,1.4609172651314493
14229,0.012541544596951157,0.37257502259223224,0.3545922901835744
14231,1.072353409001506,0.37257502259223224,0.3916960628088781
14232,-0.13015925602825726,0.9413631875519174,0.9821347971641442
14233,-0.03253354575706003,0.7080332292303888,0.5095246742932641
14234,-0.5998368088904396,0.7080332292303888,0.32236818107765214
14235,0.29958131850608055,0.9413631875519174,0.9160753047558131
14236,0.36193945002682054,-0.15732634212523552,-0.3806934627050591
14237,1.7548021788970043,-1.1421806022254783,-1.4371736300564815
14238,1.6194242945112962,-1.1421806022254783,-1.272225084946388
14239,-0.13015925602825726,1.575895246520602,1.1500475900500486
14240,-0.3889398912265015,-0.15732634212523552,0.3409344701794082
14241,1.072353409001506,-1.1421806022254783,-0.6546337663821842
14242,1.3009390340426663,-0.15732634212523552,-0.6345424423651982
14243,-1.1443312534040568,1.5140076112100918,1.2326576644794105
14245,1.2385267308960743,-0.15732634212523552,0.9222802921645844
14246,0.6247693451796746,0.37257502259223224,0.7908339013341606
14247,1.462603193933059,-1.1421806022254783,-1.2117166070192904
14248,1.5947288662343622,-1.1421806022254783,-1.253551212016996
14250,-1.2798718810873329,0.37257502259223224,1.074525780065398
14251,-1.8284860004532224,0.9413631875519174,1.062473460388145
14256,1.3977407869671015,-0.15732634212523552,0.33319757442321785
14257,0.17331659078189585,0.9413631875519174,1.321062176462159
14258,-1.1443312534040568,1.4411389437857045,1.316846504849387
14259,0.8388148593693143,-1.1421806022254783,-1.2118637309061913
14261,0.3416035021098939,-1.1421806022254783,0.21002785632639995
14262,-1.2088496996586264,1.3539192402952056,1.2811289535222803
14264,0.9167982557003951,-0.15732634212523552,-0.8010707633719862
14265,0.6092695128371648,-0.15732634212523552,-0.30393746461709403
14267,0.9620459415531177,0.37257502259223224,0.5301700751600753
14270,1.6376064297239477,-1.1421806022254783,-0.2846117598817074
14271,1.2639171799846685,-1.1421806022254783,-1.3028203882842866
14272,0.2887784270770501,-0.15732634212523552,-0.31165845100552175
14273,-0.002233519485077917,0.7080332292303888,0.1102462138825502
14276,0.5279209325674449,0.37257502259223224,0.6142835380636158
14277,-0.8447985484134556,0.37257502259223224,1.4496078683587794
14280,1.1353398833556,-1.1421806022254783,-1.3010068941559205
14282,-1.6752065827819893,1.752642309092698,1.395497410167193
14284,-0.3659920991122902,-0.15732634212523552,0.027716739061937817
14285,-0.6305061529282221,0.7080332292303888,-0.22389071963519228
14286,-0.5417973579979597,0.37257502259223224,1.7168743092134755
14287,-1.2088496996586264,-0.15732634212523552,-0.883513385241687
14288,1.2081425192857578,-1.1421806022254783,-0.3719570629031631
14289,-1.1443312534040568,1.1139876296874291,0.03208715560957472
14290,-1.0304416842462376,0.9413631875519174,1.1443884921248244
14291,-1.8284860004532224,1.575895246520602,1.560659106528124
14292,-1.2088496996586264,1.4411389437857045,0.999536789231716
14293,-1.6752065827819893,0.7080332292303888,0.5394135244647056
14295,-0.18335464868184115,-1.1421806022254783,-0.8508123201514438
14297,-0.7303298502853449,0.7080332292303888,0.6603337443822497
14298,-1.2088496996586264,2.115532734211846,3.2964473334327127
14299,-1.2088496996586264,1.3539192402952056,1.2438297561025247
14300,-0.6956335185132512,-1.1421806022254783,-1.8744878794345992
14301,0.6698788008538272,-1.1421806022254783,-1.0488256004186043
14304,1.251295223036122,-1.1421806022254783,-0.6163360025585066
14305,0.25560785258344354,0.37257502259223224,1.0690636196084293
14306,-0.002233519485077917,-0.15732634212523552,0.28787169906738197
14307,0.43923231330448226,1.1139876296874291,1.3963812372461588
14309,-1.2088496996586264,1.4411389437857045,1.0483455459536954
14311,1.3328395542355918,-1.1421806022254783,-0.7105188388469033
14312,-0.06389671920754665,1.1139876296874291,0.7728802414493523
14314,0.5935248754373961,-1.1421806022254783,-1.2941206571724624
14315,-0.09640706158582192,1.1139876296874291,1.1572104402436008
14317,0.1855267296633859,-1.1421806022254783,-0.20935284731404205
14320,1.1814093427227434,-0.15732634212523552,-0.05122064568943616
14321,-1.0304416842462376,0.9413631875519174,0.7146294504441284
14323,0.6550665021984642,-0.15732634212523552,0.04711065997618853
14326,1.3289017226184614,-1.1421806022254783,-1.0784330163986984
14327,0.9620459415531177,-1.1421806022254783,-0.3574745117291692
14329,-0.7666372915455425,1.2473999658429542,1.7354680321270657
14331,0.7200729279636864,-0.15732634212523552,-0.16767017227478953
14332,-0.5702958889100813,0.37257502259223224,0.14565056215273878
14333,0.22122399996171724,-1.1421806022254783,-0.7539820209592409
14334,-0.7666372915455425,1.3539192402952056,1.0774681724686983
14335,-0.8047267163130117,-0.15732634212523552,-0.11532569159631238
14336,-0.7666372915455425,0.7080332292303888,0.7832403027126064
14338,1.1306233388853546,-1.1421806022254783,-0.07730034469398257
14339,1.3328395542355918,-1.1421806022254783,-0.3629041011093253
14340,1.2342373637481967,-1.1421806022254783,-1.0136573363283057
14341,-0.09640706158582192,1.3539192402952056,1.0972536014321277
14342,-0.6305061529282221,0.7080332292303888,-0.3296279211515528
14344,0.7408460600978252,1.3539192402952056,0.18644274451171405
14345,-0.20183315632561427,-1.1421806022254783,-1.1767510356546322
14346,0.6988655984515262,-0.15732634212523552,0.3980171004874313
14348,1.3977407869671015,-1.1421806022254783,-0.3932593519877728
14349,-1.0851524766045704,-1.1421806022254783,-1.0713125125485337
14350,1.4485077893678906,-1.1421806022254783,-0.4339220361787399
14351,0.973060085911785,-1.1421806022254783,-1.7512414199375796
14352,0.9282944183154772,0.7080332292303888,0.42036429309604423
14353,1.2169100918545441,-1.1421806022254783,-1.3179846999926006
14354,-1.35900440190184,-0.15732634212523552,-1.0640718393014066
14355,1.7356037687254329,-1.1421806022254783,-0.8876658516286174
14356,0.35182556963985595,-0.15732634212523552,-0.011913286860915613
14357,-0.13015925602825726,-1.1421806022254783,-0.6469000985934746
14359,-0.6956335185132512,0.37257502259223224,0.3976310579153237
14360,-0.34365422335675777,0.7080332292303888,1.0324269457656206
14362,-0.5998368088904396,-1.1421806022254783,-0.9384684412257334
14364,0.6092695128371648,1.3539192402952056,0.5988178230771957
14367,-1.2088496996586264,1.785023119276935,2.239436896157268
14368,1.6009523339333225,-1.1421806022254783,-1.2038121863537914
14371,1.520631071339477,-1.1421806022254783,-1.2388011069930513
14373,1.713272404991934,-1.1421806022254783,-2.8960413655285184
14375,1.077331758821227,-1.1421806022254783,-0.5577556871841821
14377,1.1067264535528785,-0.15732634212523552,-0.9037444746476465
14379,-0.11312154370340959,-0.15732634212523552,-0.2881043836478984
14381,0.012541544596951157,-1.1421806022254783,-0.6960740487552516
14382,-0.4876303449547161,-1.1421806022254783,-0.049004349422658924
14383,-0.2207141713346106,0.37257502259223224,0.49766570282142264
14385,-1.1443312534040568,0.37257502259223224,-0.6982765620885223
14386,1.5272677361536333,-1.1421806022254783,-1.2931417867225554
14387,-0.32189228833536065,0.37257502259223224,0.913808124295484
14388,-1.0851524766045704,1.3539192402952056,1.4336282952202577
14389,0.1855267296633859,-0.15732634212523552,0.3913685111251339
14390,-1.0851524766045704,1.4411389437857045,1.6018741490262842
14393,1.2299311606297079,-1.1421806022254783,-1.5361024262000555
14395,-1.8284860004532224,1.4411389437857045,1.5330123745399413
14396,0.1855267296633859,-0.15732634212523552,-0.06319014905186521
14397,-1.6752065827819893,1.785023119276935,0.5760400977586023
14400,0.881530849050128,-1.1421806022254783,-0.32064225164579774
14401,-1.552045934706048,1.675591966784018,1.40887872242551
14403,1.2256079781275764,-0.15732634212523552,-0.4310802344354587
14404,-0.30067514330910233,1.1139876296874291,0.6609867912764804
14406,0.6844762934514682,-1.1421806022254783,-1.1962021378879537
14407,0.5935248754373961,0.9413631875519174,0.5650596208222942
14408,-1.0304416842462376,1.2473999658429542,1.0747077042165463
14409,0.25560785258344354,0.7080332292303888,0.4718054255998135
14410,0.46669531704171824,1.4411389437857045,0.4875542693792384
14411,1.5726785743906506,-1.1421806022254783,0.08015391782705679
14412,-0.13015925602825726,-0.15732634212523552,0.11362964417754963
14413,1.724491105975501,-1.1421806022254783,-1.150650310797104
14414,0.46669531704171824,1.2473999658429542,0.6071401648984391
14415,-2.0344322917066844,1.675591966784018,1.9521037622661144
14416,-0.5998368088904396,-0.15732634212523552,-0.7486094979610206
14418,-1.552045934706048,0.37257502259223224,0.9227917021186904
14419,-1.0304416842462376,1.1139876296874291,0.6061825751657798
14420,0.5279209325674449,-1.1421806022254783,-0.1844347422866114
14421,0.082998830205763,-0.15732634212523552,0.32275738275463206
14422,-2.0344322917066844,1.1139876296874291,1.6108082437759828
14423,1.2299311606297079,-1.1421806022254783,-2.4185500672871774
14426,-0.5417973579979597,1.4411389437857045,1.4896473611356842
14427,-0.01725551879332896,-0.15732634212523552,-0.4206072074882973
14428,-1.2798718810873329,0.9413631875519174,0.3830031700649949
14431,1.546949960091995,-1.1421806022254783,-0.37803141531380835
14432,-1.0851524766045704,1.1139876296874291,1.1649724431348543
14434,-0.5998368088904396,1.1139876296874291,0.5510291378056481
14436,0.5279209325674449,-1.1421806022254783,-1.4459308823569916
14437,1.7356037687254329,-1.1421806022254783,-1.593055744765978
14438,1.5566658206584332,-1.1421806022254783,-1.0298763765557266
14439,1.6009523339333225,-1.1421806022254783,0.9854953725095135
14440,-1.2088496996586264,0.9413631875519174,0.9401476496793136
14441,-2.0344322917066844,0.7080332292303888,0.8435686777190943
14442,1.1723505139298287,-0.15732634212523552,0.2638648423202494
14443,0.04138483603978646,0.7080332292303888,0.8386206132648778
14446,-2.0344322917066844,0.7080332292303888,0.5197091477000088
14447,-0.6956335185132512,0.9413631875519174,0.6927229831430564
14448,-1.1443312534040568,-0.15732634212523552,-1.0542372565126088
14449,-0.6956335185132512,0.7080332292303888,0.4703444905333557
14450,1.057277938381344,0.37257502259223224,-0.008057344324824425
14451,0.12279741437841987,-0.15732634212523552,0.22491963510478177
14452,-1.0304416842462376,-0.15732634212523552,-0.7187320365089019
14453,1.101882824572414,-1.1421806022254783,-1.169743726140696
14456,-1.4485587856030968,1.4411389437857045,1.4004513240299985
14457,1.5726785743906506,-1.1421806022254783,-1.5284820675601427
14459,0.9167982557003951,-1.1421806022254783,0.778769786530129
14460,0.6170495150333525,0.37257502259223224,-0.9304197718096512
14461,0.8755351424734747,0.37257502259223224,0.8955273579479547
14462,0.1975784585920764,1.575895246520602,0.9930784439854553
14463,1.1723505139298287,-1.1421806022254783,-1.9387181487014578
14465,1.3484530871233855,0.37257502259223224,0.03004734482387903
14466,-0.4125347572453631,1.2473999658429542,0.8566431896923091
14467,-0.7303298502853449,0.7080332292303888,0.06982412368415454
14470,-0.9795284129162457,-0.15732634212523552,-0.3771720254338196
14472,0.5694301704621143,1.3539192402952056,0.9437315302021626
14473,0.2887784270770501,-1.1421806022254783,-1.2795633155028638
14474,-0.08000284691952356,-1.1421806022254783,-0.5633675124879183
14475,0.2667949163187858,0.37257502259223224,0.2704500791522889
14476,1.3865576775364532,-1.1421806022254783,-0.6843138031134172
14477,-0.002233519485077917,-1.1421806022254783,-1.382828413440525
14479,1.3752619338149197,-0.15732634212523552,-0.5231625575576858
14480,-1.0304416842462376,-1.1421806022254783,-0.4928920833851289
14481,0.973060085911785,-0.15732634212523552,0.07867759487125511
14482,-0.7303298502853449,1.1139876296874291,0.6421882614000362
14483,1.4765255017988088,-1.1421806022254783,-1.000013002980314
14484,-0.01725551879332896,-1.1421806022254783,-0.38299714840569
14485,-0.20183315632561427,-1.1421806022254783,-0.9444928181335455
14487,-0.4618328162388857,1.1139876296874291,0.561434074225038
14488,0.22122399996171724,-1.1421806022254783,0.2974393769314141
14489,1.1814093427227434,-1.1421806022254783,-0.0949863239228429
14491,1.0264731141905343,-0.15732634212523552,-0.6283806022284859
14493,-1.2798718810873329,0.9413631875519174,1.1707245819258698
14494,-0.4876303449547161,-1.1421806022254783,-0.9862654936491
14495,-0.002233519485077917,-0.15732634212523552,-1.078744052660796
14496,1.575854558163292,-0.15732634212523552,-0.4092108360585672
14497,1.5663001993333556,-1.1421806022254783,-0.2989801919650277
14498,-0.13015925602825726,0.9413631875519174,0.923677777355132
14499,-0.4876303449547161,0.37257502259223224,0.3734449021227609
14500,0.42990254301507225,-0.15732634212523552,-0.6386646362760763
14501,1.072353409001506,-0.15732634212523552,-0.5276612545532091
14502,-0.6624013797032222,1.4411389437857045,1.126870035413517
14503,-1.6752065827819893,1.1139876296874291,1.3907598645771995
14504,-0.06389671920754665,0.7080332292303888,0.05413668948940216
14505,-0.7666372915455425,1.3539192402952056,1.9180895232575987
14506,-0.7666372915455425,0.9413631875519174,0.768524062753433
14507,-0.18335464868184115,0.9413631875519174,0.5333201678422499
14508,-0.5998368088904396,-0.15732634212523552,-0.7205995624271908
14511,-1.0304416842462376,0.9413631875519174,0.7111493784739628
14512,1.0921296377175151,-0.15732634212523552,-0.8078703971480783
14513,1.1814093427227434,-0.15732634212523552,-0.7726490975354843
14514,0.13568899379554164,0.37257502259223224,0.38578034463983846
14515,-0.7303298502853449,1.1139876296874291,0.9495956620003755
14517,-0.32189228833536065,-0.15732634212523552,-0.7361437873444833
14518,0.17331659078189585,-1.1421806022254783,-1.152764448771752
14520,-1.8284860004532224,-1.1421806022254783,-2.8960413655285184
14522,0.2667949163187858,0.37257502259223224,-0.14875845543198976
14523,0.6014283161148343,-1.1421806022254783,-0.8759479378753396
14524,-0.34365422335675777,1.4411389437857045,0.8878366708905783
14525,-0.6624013797032222,1.4411389437857045,1.28648580212415
14527,-1.6752065827819893,2.1835791105553097,1.7981001749950867
14528,-0.24001712710008624,-1.1421806022254783,-0.5806410187357064
14529,0.12279741437841987,0.37257502259223224,0.14460385502278442
14530,-0.4876303449547161,1.1139876296874291,1.1587858071042736
14532,1.3049771101638454,0.37257502259223224,-0.7049204559970096
14533,-0.5142648687645806,1.1139876296874291,0.35420699586882975
14534,-1.6752065827819893,1.840535090348796,1.5543374828971177
14535,0.12279741437841987,0.37257502259223224,1.3380780751373764
14536,1.3977407869671015,-1.1421806022254783,-1.4430666785819652
14537,0.09645820643169936,-1.1421806022254783,-0.2529158738286948
14538,0.1855267296633859,-0.15732634212523552,-0.30175160380679644
14539,-0.8047267163130117,-0.15732634212523552,0.019771872705039113
14540,-1.0851524766045704,0.37257502259223224,0.47615446807546746
14541,0.10972239650768487,1.3539192402952056,0.8446192520602341
14542,1.082287095056689,-1.1421806022254783,-1.2181418704715956
14543,-0.4125347572453631,1.785023119276935,0.6848716964734091
14544,-0.5417973579979597,-0.15732634212523552,0.7265981413431076
14546,-1.4485587856030968,0.9413631875519174,1.2929827812332508
14547,-1.552045934706048,1.3539192402952056,1.582573034518839
14549,1.5726785743906506,-1.1421806022254783,-0.6143110439808345
14550,-1.0304416842462376,-0.15732634212523552,0.24154934840097658
14551,-0.7303298502853449,-0.15732634212523552,-0.9396174254758571
14552,0.8993135527648733,-1.1421806022254783,-0.894453687655555
14553,-0.6956335185132512,0.9413631875519174,0.08641748721046437
14554,-1.0851524766045704,0.7080332292303888,1.1290103070600983
14555,0.082998830205763,-0.15732634212523552,-0.49064426475502815
14557,0.40136073864378646,-1.1421806022254783,-0.4214313063790703
14560,-0.7666372915455425,1.675591966784018,0.16588165206603137
14561,0.3102623955010061,0.37257502259223224,0.5447218532607913
14562,-1.552045934706048,1.840535090348796,1.744168030111907
14565,0.502148666903663,0.7080332292303888,1.3819646285936744
14567,0.082998830205763,-0.15732634212523552,0.7682563587137484
14569,-2.0344322917066844,-1.1421806022254783,-1.4117558003710655
14570,1.473060901891095,-0.15732634212523552,-0.7456903516484268
14572,-1.6752065827819893,1.2473999658429542,1.2838738544095987
14573,1.0522051761648727,1.4411389437857045,0.3907130213066476
14576,1.7520786082162478,-1.1421806022254783,-2.0210787976978266
14577,-0.9318853875046619,0.7080332292303888,0.4570703455026349
14578,-1.6752065827819893,-1.1421806022254783,-1.1591408377131764
14581,-0.7666372915455425,-1.1421806022254783,-1.2764442291476144
14582,-0.16526055765926362,-1.1421806022254783,-1.2881845111640418
14583,-1.35900440190184,0.9413631875519174,0.4545399877248906
14584,0.9947495566046998,0.7080332292303888,0.43331552544843877
14585,-0.01725551879332896,-1.1421806022254783,-0.9379467208674338
14586,1.4590957515606013,-1.1421806022254783,-0.6970006891792893
14587,-0.6956335185132512,1.4411389437857045,0.7820012249038492
14591,-0.8447985484134556,0.7080332292303888,0.5563738206811787
14592,-0.2799741544043472,0.37257502259223224,0.06422309703706401
14593,-0.5998368088904396,0.37257502259223224,-0.06194991599517805
14594,-1.2798718810873329,-0.15732634212523552,-0.461311400092519
14595,-0.6624013797032222,1.1139876296874291,0.9267636406406891
14597,-1.0304416842462376,-1.1421806022254783,-0.35493784146281565
14598,-0.11312154370340959,-1.1421806022254783,-0.6248754983957269
14600,1.5566658206584332,-1.1421806022254783,-0.5753403786786667
14601,-1.0304416842462376,-1.1421806022254783,-1.0777491640307826
14606,-2.0344322917066844,2.2690083785987003,2.3524474554520363
14607,-0.6956335185132512,0.37257502259223224,-0.06352710690771962
14608,-1.552045934706048,0.37257502259223224,0.5941717543615186
14616,1.4868563685747889,-1.1421806022254783,-2.90392095465329
14618,-1.1443312534040568,0.37257502259223224,-0.14174341832348572
14619,1.3445701647258579,-1.1421806022254783,-0.4893284380869614
14620,1.1768893571618266,-0.15732634212523552,-0.340155036826941
14621,-2.0344322917066844,0.9413631875519174,0.9078560989109582
14622,1.077331758821227,-1.1421806022254783,-0.4177567824995151
14623,-0.34365422335675777,0.9413631875519174,0.2796809083375208
14624,0.082998830205763,-0.15732634212523552,-0.6112830902326818
14625,1.1306233388853546,-0.15732634212523552,0.25306626651210196
14626,-0.5417973579979597,0.7080332292303888,1.1661578393616747
14628,0.4576269176932297,-0.15732634212523552,-0.13616265716675877
14629,-1.552045934706048,-0.15732634212523552,0.12263687859123433
14631,-0.002233519485077917,0.37257502259223224,0.3164073746093803
14632,1.4088136607077486,-1.1421806022254783,-1.4131782212981432
14633,1.4197786197316518,-1.1421806022254783,-0.5787701614616154
14636,-0.25976293771736747,-0.15732634212523552,0.17896723546782559
14638,-0.002233519485077917,-1.1421806022254783,-0.472004519691025
14639,0.012541544596951157,1.1139876296874291,1.1996995791138565
14640,-0.5417973579979597,1.1139876296874291,1.0015861857440764
14641,-0.5998368088904396,-1.1421806022254783,-1.1664020622309528
14642,0.10972239650768487,-1.1421806022254783,-2.43968286855313
14643,1.0001031435847438,-0.15732634212523552,-0.39858636642115297
14644,0.22122399996171724,-0.15732634212523552,-0.19790571854698052
14645,0.9282944183154772,-0.15732634212523552,-0.121355799886465
14646,-1.8284860004532224,2.149141278809687,2.6674599957689087
14647,1.154003112320381,-1.1421806022254783,-0.553087155237963
14649,-1.4485587856030968,0.7080332292303888,0.562919528234898
14651,0.20947615164583766,-0.15732634212523552,0.11193966067048261
14652,0.32082458720812473,-1.1421806022254783,-1.2876176259357808
14653,-2.0344322917066844,1.2473999658429542,0.9084813996707882
14655,-1.2088496996586264,0.7080332292303888,0.5291637031805153
14656,0.9947495566046998,-0.15732634212523552,-0.5604588613820269
14657,-0.7303298502853449,0.7080332292303888,0.2988021435965511
14658,-1.4485587856030968,-0.15732634212523552,-1.1654300537824833
14659,-1.1443312534040568,1.4411389437857045,1.2687827094015884
14660,0.42048198794590724,-0.15732634212523552,-0.5120546154972333
14661,-0.4618328162388857,-1.1421806022254783,-1.9122042261415895
14662,-0.4125347572453631,0.7080332292303888,0.21991406881375897
14664,-0.6624013797032222,-0.15732634212523552,0.12204227292174673
14665,0.13568899379554164,0.7080332292303888,0.9080387566197905
14666,-0.5417973579979597,-1.1421806022254783,-0.8091129034464561
14667,-1.0304416842462376,1.9731339718028382,2.0747088138438303
14669,1.3289017226184614,0.37257502259223224,0.6435904965370923
14670,1.4695856976436954,-0.15732634212523552,-0.15207123808604683
14672,1.3009390340426663,-0.15732634212523552,0.13654406658515358
14673,-1.6752065827819893,0.9413631875519174,0.8169012813323356
14675,-0.8047267163130117,-1.1421806022254783,-0.08965873783449665
14676,-0.3659920991122902,0.9413631875519174,0.29277304689403194
14680,-0.5142648687645806,1.752642309092698,1.7204968738231192
14681,0.25560785258344354,0.37257502259223224,-1.1027456859727343
14684,-0.4876303449547161,0.9413631875519174,0.7134663784641367
14687,0.5935248754373961,-1.1421806022254783,-0.6425551733361657
14688,-1.2088496996586264,1.8864734417209479,1.6797795085755842
14689,1.19039341232084,-1.1421806022254783,-1.2063651840076797
14690,-0.11312154370340959,-0.15732634212523552,-0.34637177647275685
14691,-0.3659920991122902,0.9413631875519174,1.091998233251798
14692,0.8071859215343972,0.7080332292303888,0.10820372533232633
14693,1.416135483736628,-1.1421806022254783,-1.8377030698557746
14696,-1.552045934706048,1.2473999658429542,1.0409441749929433
14697,1.2299311606297079,-0.15732634212523552,-1.2693720279613943
14698,-1.8284860004532224,0.9413631875519174,0.6356311981053671
14699,1.2125350916901998,-1.1421806022254783,-1.1756959875020219
14700,-0.34365422335675777,0.37257502259223224,0.847109143316446
14701,-1.0304416842462376,1.4411389437857045,1.0290938955286861
14702,-2.0344322917066844,1.8141609571842097,1.2924191666475249
14703,-0.8447985484134556,-1.1421806022254783,-0.3410758144498073
14704,-0.6624013797032222,1.2473999658429542,0.8224862899600626
14708,-1.6752065827819893,-0.15732634212523552,0.05965364727307388
14709,-0.8447985484134556,1.675591966784018,1.8020148620783458
14710,-0.8870901036233153,0.7080332292303888,0.09327937162458237
14711,-1.0851524766045704,1.575895246520602,1.0673176527447064
14712,-0.4125347572453631,0.37257502259223224,0.44948479953663595
14713,-1.1443312534040568,1.575895246520602,1.2120748010970808
14714,-0.5417973579979597,-1.1421806022254783,-1.8135853459720337
14715,-0.5142648687645806,0.7080332292303888,0.275431460413055
14716,-0.13015925602825726,-0.15732634212523552,-0.6480627063591723
14719,-1.8284860004532224,0.9413631875519174,0.897137876307061
14720,-1.35900440190184,0.37257502259223224,-0.07737250018297416
14722,0.8695046558692342,-1.1421806022254783,-0.8703682936533848
14723,-1.0851524766045704,1.1139876296874291,0.6030648245499696
14725,-0.5142648687645806,-1.1421806022254783,-0.06365128410655142
14727,1.4485077893678906,-1.1421806022254783,-1.1286193858414162
14729,1.7575194808117025,-1.1421806022254783,-0.4122759519215483
14730,-2.0344322917066844,1.3539192402952056,0.9542464000025649
14731,-0.06389671920754665,0.37257502259223224,-0.2742685404255676
14732,-1.2088496996586264,1.3539192402952056,1.222034221793819
14733,-0.8047267163130117,1.6291803310375392,1.8129201250530222
14735,-1.552045934706048,2.0342798295082316,1.7703297831022902
14737,-1.552045934706048,0.37257502259223224,0.06655895550024458
14738,-0.13015925602825726,1.2473999658429542,0.697971175942292
14739,-0.6624013797032222,1.1139876296874291,0.34119548136715483
14740,1.1353398833556,0.37257502259223224,0.785002689070223
14741,-0.9795284129162457,1.1139876296874291,0.7763024799799262
14744,-0.8047267163130117,1.1139876296874291,-0.1269705118946953
14745,0.6400324499796085,0.9413631875519174,0.6473535694211189
14747,1.3561786223427335,-1.1421806022254783,-0.8020386222064894
14748,-0.4125347572453631,0.9413631875519174,0.814091767990378
14752,-0.11312154370340959,-1.1421806022254783,-1.0470298509532583
14753,0.42048198794590724,-1.1421806022254783,0.06108813248756548
14754,-0.09640706158582192,-0.15732634212523552,0.17691548864601098
14755,-1.0851524766045704,1.575895246520602,1.7547543322991883
14756,-0.8447985484134556,-1.1421806022254783,0.1348584979864226
14757,0.29958131850608055,-1.1421806022254783,-0.16819394241146096
14758,0.8573375787693495,0.7080332292303888,0.30387849381611
14759,-1.4485587856030968,0.37257502259223224,0.6379293305231682
14760,1.5272677361536333,-1.1421806022254783,-1.329850867025174
14761,0.10972239650768487,-0.15732634212523552,-0.513100118611368
14762,1.4124805251279904,-1.1421806022254783,-0.45030152113101984
14764,-0.06389671920754665,-1.1421806022254783,-1.4145081356041527
14765,-0.4125347572453631,0.37257502259223224,-0.8815180998244148
14766,-1.2088496996586264,1.1139876296874291,1.261375512436458
14768,-0.7666372915455425,-0.15732634212523552,-0.7359410315751734
14769,-1.6752065827819893,1.3539192402952056,2.3703553423133794
14770,1.2887356965125554,-0.15732634212523552,0.19535630308694857
14772,0.6324299997255387,-1.1421806022254783,-1.0620586277093034
14775,0.09645820643169936,0.37257502259223224,0.4755160487390604
14776,-0.002233519485077917,1.575895246520602,0.7561406954514124
14778,0.7408460600978252,-0.15732634212523552,0.27992675733629163
14779,1.473060901891095,0.37257502259223224,-0.7566817981153094
14780,0.05546894815436756,-0.15732634212523552,-0.1574235643574805
14782,1.6009523339333225,-1.1421806022254783,-1.1689069905953178
14784,-0.4876303449547161,-0.15732634212523552,-0.5925008442204028
14785,-0.8447985484134556,-1.1421806022254783,-1.9409536135761603
14788,-1.2798718810873329,-0.15732634212523552,0.1574984916469346
14789,-0.4125347572453631,-1.1421806022254783,-0.8369002041784667
14790,-0.7666372915455425,0.7080332292303888,0.10229240927788562
14792,0.17331659078189585,-1.1421806022254783,-3.2175182256029466
14793,-0.6305061529282221,-1.1421806022254783,-0.6004480278526124
14794,-1.6752065827819893,1.1139876296874291,0.627950724243584
14795,0.9785243333842288,-1.1421806022254783,-3.4451898531954694
14796,-2.0344322917066844,1.8141609571842097,2.224969277264255
14798,0.027078278817641344,0.37257502259223224,-0.8162948686147539
14799,-0.002233519485077917,-1.1421806022254783,-2.078627794809334
14800,-0.04807721782285418,1.6291803310375392,1.6349349882811952
14801,0.13568899379554164,-1.1421806022254783,-0.7688808539993901
14803,0.9564953954736334,0.37257502259223224,-0.4436930921241958
14804,-1.1443312534040568,-1.1421806022254783,-0.6148691465086185
14805,-0.8447985484134556,0.7080332292303888,-0.39703793765615125
14806,0.29958131850608055,-1.1421806022254783,-1.5580472647563575
14808,-0.18335464868184115,1.2473999658429542,0.8411042583467933
14810,-0.16526055765926362,1.575895246520602,1.1670804902343
14813,1.7466125350090018,-0.15732634212523552,-1.1456939698982582
14815,-0.24001712710008624,-0.15732634212523552,0.33227484498785886
14816,1.1353398833556,-1.1421806022254783,-2.792478611375904
14817,1.1493673703667233,-0.15732634212523552,0.54872565387914
14818,0.2887784270770501,0.37257502259223224,-0.17925076701414566
14819,0.17331659078189585,-0.15732634212523552,-0.8059217631063508
14820,-0.6305061529282221,0.7080332292303888,-0.11308048721242706
14821,1.7383656183939098,-1.1421806022254783,-1.7840723378377978
14823,1.0522051761648727,0.37257502259223224,-0.6419776130130344
14824,-1.0851524766045704,0.7080332292303888,0.3037533839965697
14825,-1.552045934706048,1.6291803310375392,1.1452303362460337
14828,1.3752619338149197,-1.1421806022254783,-2.90392095465329
14829,-0.4125347572453631,0.7080332292303888,0.23144779611921903
14830,0.027078278817641344,-1.1421806022254783,-0.7511673032845156
14834,-0.7303298502853449,1.1139876296874291,0.7626608633751998
14836,-1.0851524766045704,0.37257502259223224,-1.2240964805000376
14837,0.44847316797844267,0.7080332292303888,0.9733877742606365
14840,1.4270297522340274,-1.1421806022254783,-1.5948479163582838
14841,0.027078278817641344,1.1139876296874291,1.3977753967051796
14842,-0.11312154370340959,0.7080332292303888,1.2496838562105466
14844,0.17331659078189585,0.7080332292303888,1.1457743701891479
14847,0.881530849050128,-1.1421806022254783,-0.6375872506270254
14849,-0.5998368088904396,1.9731339718028382,2.16336920579197
14850,1.575854558163292,-1.1421806022254783,-0.3433698356665305
14851,-0.5702958889100813,-0.15732634212523552,-0.12683638071051967
14852,0.09645820643169936,1.1139876296874291,1.2415329445621055
14853,-0.5417973579979597,-0.15732634212523552,-1.3358514768616327
14854,0.33127071588747836,1.2473999658429542,1.0827867225414203
14855,0.7942571917855862,-1.1421806022254783,-1.3075384327052721
14856,-0.25976293771736747,0.37257502259223224,0.5122042548315235
14857,0.12279741437841987,-0.15732634212523552,0.5220937632859338
14859,-0.9318853875046619,0.7080332292303888,0.7230363929170023
14860,-0.6956335185132512,-1.1421806022254783,-0.9333183420532792
14861,0.012541544596951157,-1.1421806022254783,-1.3812773636751565
14862,-0.4876303449547161,-0.15732634212523552,0.3216560266484465
14863,-0.4125347572453631,-1.1421806022254783,-0.4803542283549724
14865,-1.2798718810873329,-0.15732634212523552,-1.876545344645469
14866,-1.0304416842462376,0.7080332292303888,-0.3446943293397284
14867,1.082287095056689,0.37257502259223224,0.04729673237844812
14868,-1.6752065827819893,1.3539192402952056,1.3795583111833782
14869,-1.1443312534040568,-0.15732634212523552,0.1702219993641369
14870,1.405134806374551,-1.1421806022254783,-0.3187745612991137
14871,-1.6752065827819893,0.7080332292303888,0.05439804418836612
14873,1.1948578263904854,-1.1421806022254783,-0.2724352461839693
14875,0.6014283161148343,-0.15732634212523552,0.3864500229244103
14878,-0.9318853875046619,1.4411389437857045,0.7753316648307997
14880,0.32082458720812473,0.37257502259223224,0.0820736585311958
14881,-0.6624013797032222,-1.1421806022254783,-0.6276003745796448
14882,-0.4618328162388857,-0.15732634212523552,0.035459935318928236
14883,-0.6956335185132512,1.1139876296874291,0.3218007323786663
14885,0.7745534629301226,-1.1421806022254783,-1.2274657151183455
14886,1.371471229871686,-1.1421806022254783,-0.32424415655238226
14888,1.1814093427227434,-1.1421806022254783,-0.22298526662852056
14889,1.6495716241250464,-1.1421806022254783,-1.006806008405604
14890,1.3752619338149197,-1.1421806022254783,-1.0673158655587816
14891,0.8755351424734747,-0.15732634212523552,-0.033569771879661134
14893,-1.0851524766045704,-0.15732634212523552,0.6159601340291978
14894,0.40136073864378646,-1.1421806022254783,0.1856824862507615
14895,-1.2088496996586264,1.8645334205085187,2.3425801933433354
14896,1.1723505139298287,-0.15732634212523552,-0.05134297763444565
14897,-1.2088496996586264,0.7080332292303888,0.2580085209267967
14898,-0.5702958889100813,1.1139876296874291,0.5080214194782452
14901,-1.0304416842462376,1.3539192402952056,0.612572152316716
14902,-0.4876303449547161,-1.1421806022254783,-0.38852107442120953
14903,-0.6305061529282221,0.9413631875519174,1.3038962919546893
14904,-1.8284860004532224,-0.15732634212523552,0.1345237616291579
14905,0.9339955408970261,-0.15732634212523552,-0.2183658439072257
14907,-1.6752065827819893,1.2473999658429542,1.4897509800687803
14908,0.2887784270770501,-1.1421806022254783,-1.0102243187341908
14910,-1.6752065827819893,0.7080332292303888,-0.21132593018879298
14911,-2.0344322917066844,2.3476223719447216,4.418389686658306
14912,-0.7666372915455425,-0.15732634212523552,-0.3272497870464048
14913,-0.25976293771736747,0.7080332292303888,0.5762863110826693
14915,0.4576269176932297,-0.15732634212523552,-0.4365777817300616
14916,0.25560785258344354,0.7080332292303888,0.7057509296968804
14918,0.6624999285363061,-0.15732634212523552,0.8008765625648147
14920,1.2081425192857578,-0.15732634212523552,0.37827414521559233
14921,-0.3889398912265015,-0.15732634212523552,0.7664716706292712
14923,-0.002233519485077917,-1.1421806022254783,0.2046749820959019
14924,1.3445701647258579,-1.1421806022254783,-0.8422047019788022
14929,-0.34365422335675777,-1.1421806022254783,-0.8201576858353911
14930,0.6092695128371648,0.37257502259223224,0.9205424566778081
14931,-1.4485587856030968,0.7080332292303888,0.38925680971378424
14932,1.7356037687254329,-1.1421806022254783,-0.9814596783684362
14934,0.3719475869257092,-0.15732634212523552,0.7607983938422167
14936,-0.30067514330910233,1.2473999658429542,1.9981963335929946
14937,0.082998830205763,-0.15732634212523552,0.7007917853730938
14944,-0.3889398912265015,1.6291803310375392,1.7916231779377152
14946,-0.8870901036233153,-1.1421806022254783,-1.2357624423409812
14947,0.2667949163187858,-0.15732634212523552,-0.4540121334822136
14948,-0.5702958889100813,1.1139876296874291,0.518531870329904
14950,-0.6956335185132512,-1.1421806022254783,-0.5521825035530641
14951,0.3416035021098939,-1.1421806022254783,-0.5020372387537262
14952,0.12279741437841987,1.4411389437857045,1.7969445087743778
14953,-0.5142648687645806,-1.1421806022254783,-0.6805577051275542
14954,-0.9795284129162457,-1.1421806022254783,-0.7269897650342101
14957,1.371471229871686,-1.1421806022254783,-1.6488188880678907
14958,0.8695046558692342,0.37257502259223224,-0.6539742473672262
14959,0.17331659078189585,0.7080332292303888,0.17855729261682093
14960,-1.2088496996586264,-0.15732634212523552,-0.7543138126456161
14961,-1.0304416842462376,1.4411389437857045,2.080280636609317
14962,1.4378198108207467,-1.1421806022254783,-2.6409030239038747
14963,-1.0851524766045704,0.9413631875519174,0.5795377407534672
14964,1.3484530871233855,-1.1421806022254783,-1.396183459532202
14965,0.502148666903663,-1.1421806022254783,-0.039664088371465976
14966,-0.8447985484134556,-1.1421806022254783,-0.8053469340244003
14967,-0.01725551879332896,-1.1421806022254783,-0.9849368602059552
14968,-0.3889398912265015,-1.1421806022254783,-0.9888738220581624
14970,0.22122399996171724,0.7080332292303888,0.8939531610655767
14971,-0.2799741544043472,0.37257502259223224,0.42581456452360705
14972,0.7476772277927837,-1.1421806022254783,-1.7159581168472289
14973,0.5935248754373961,0.37257502259223224,-0.03820076933029912
14974,-0.24001712710008624,-1.1421806022254783,-1.2859194041235937
14975,0.082998830205763,-1.1421806022254783,-1.9565948625952363
14976,0.082998830205763,1.1139876296874291,0.19883567318767767
14978,0.2667949163187858,0.9413631875519174,0.6442339825838707
14981,1.3445701647258579,-1.1421806022254783,-1.2265658509642745
14984,-0.6956335185132512,-0.15732634212523552,-1.3019955570028796
14985,1.1400359430544447,-0.15732634212523552,-0.4764626888667616
14988,1.203732221452046,-1.1421806022254783,-0.3737953502061901
14995,-0.20183315632561427,-0.15732634212523552,-0.6883932000378907
14997,-0.08000284691952356,0.37257502259223224,-0.5823821267964867
14998,1.0001031435847438,-0.15732634212523552,-0.24999325993572954
15000,-0.04807721782285418,-1.1421806022254783,-0.07690360274255444
15002,0.6624999285363061,0.7080332292303888,0.9271424968554562
15004,0.8695046558692342,-1.1421806022254783,0.4470175138030865
15005,-0.8047267163130117,2.0120921097944136,2.022964898536482
15006,-0.002233519485077917,-1.1421806022254783,-0.05332028737468821
15007,0.9396658454083229,-1.1421806022254783,-0.9462826663915935
15009,-0.9795284129162457,0.37257502259223224,0.702876352463982
15010,-0.25976293771736747,-1.1421806022254783,-0.4909735552327073
15012,0.04138483603978646,-0.15732634212523552,-0.24042872835903947
15014,-0.13015925602825726,-0.15732634212523552,-0.7988754118078684
15016,1.0160035801223155,-1.1421806022254783,-1.2407825082668091
15017,-0.30067514330910233,-1.1421806022254783,-1.1312736127560186
15018,-0.20183315632561427,0.37257502259223224,-0.45532919134916744
15019,1.4234100154207303,-1.1421806022254783,-0.5666810551531729
15021,-1.1443312534040568,1.4411389437857045,0.9553514632004989
15022,-0.9795284129162457,0.37257502259223224,0.38868182876051877
15023,-1.6752065827819893,1.575895246520602,1.8438048925159225
15024,-1.0851524766045704,1.4411389437857045,0.9105145819557505
15025,-0.32189228833536065,-1.1421806022254783,-0.2494589503154911
15026,0.35182556963985595,0.37257502259223224,-0.2797470560333066
15027,-0.3659920991122902,0.7080332292303888,0.0450766341178265
15028,-1.2088496996586264,0.7080332292303888,0.05202744997624056
15030,1.4270297522340274,-1.1421806022254783,-2.4185500672871774
15031,-1.552045934706048,0.7080332292303888,-0.033159386546289825
15032,1.3828050653031072,-0.15732634212523552,-0.34837923281941313
15033,-1.4485587856030968,1.5140076112100918,1.2737886982274236
15034,-0.8047267163130117,1.3539192402952056,1.5019520649062144
15035,0.44847316797844267,-1.1421806022254783,-0.6062961040486248
15036,0.2667949163187858,0.37257502259223224,-0.2061382318166602
15038,0.10972239650768487,1.1139876296874291,-0.1526444449774277
15039,-1.0851524766045704,2.1440871773681627,2.8147082923899425
15041,1.0001031435847438,-1.1421806022254783,-0.92066287295918
15042,1.1447117092217385,-1.1421806022254783,-1.8170761268656799
15044,-0.6956335185132512,1.8141609571842097,2.001436837546856
15045,0.8993135527648733,-1.1421806022254783,-1.628952732479756
15046,-1.1443312534040568,1.752642309092698,1.3019121953207122
15047,1.4342345706416106,-1.1421806022254783,-0.312860209630211
15048,0.1855267296633859,0.7080332292303888,-0.42996850969088196
15049,1.4485077893678906,-1.1421806022254783,-1.9303921603046463
15050,-0.5142648687645806,0.37257502259223224,0.6018001445524014
15051,-0.5702958889100813,0.37257502259223224,0.7199921723773508
15052,1.5978447903130049,-1.1421806022254783,-1.0069197164792543
15053,-1.4485587856030968,0.37257502259223224,0.0560104612124251
15054,-0.9795284129162457,-0.15732634212523552,-0.44794127522547694
15057,1.4520481229697748,-0.15732634212523552,0.4056402644594857
15058,-0.5142648687645806,1.575895246520602,1.0908388452454372
15059,-0.16526055765926362,1.4411389437857045,0.6262592796160779
15060,-1.2088496996586264,0.7080332292303888,-0.4489641540857194
15061,-1.552045934706048,2.063138693451566,2.170027748658338
15062,0.25560785258344354,0.7080332292303888,0.505480208636282
15063,1.2081425192857578,-1.1421806022254783,-1.511521384934019
15065,-0.2207141713346106,0.7080332292303888,1.2435201398262161
15066,0.027078278817641344,-1.1421806022254783,0.2923926099109988
15067,0.33127071588747836,0.37257502259223224,0.7807281519213597
15068,-0.08000284691952356,-0.15732634212523552,-0.05901625116641554
15069,1.0471082026548297,-1.1421806022254783,0.4240345771436525
15071,0.4845828164794833,-0.15732634212523552,0.16828237289525788
15073,-1.0851524766045704,0.37257502259223224,0.6150047281917262
15074,0.5775269238877871,-1.1421806022254783,0.3449817973377392
15075,0.33127071588747836,-1.1421806022254783,0.014077373642711877
15076,1.0160035801223155,-1.1421806022254783,0.3689136100785194
15078,-1.2798718810873329,2.044437630410294,2.446336349368576
15079,1.2081425192857578,0.37257502259223224,0.17990537283977412
15081,-0.5998368088904396,0.9413631875519174,-0.202768013669932
15083,1.3865576775364532,-1.1421806022254783,-1.596644198865825
15087,1.4765255017988088,-1.1421806022254783,-0.6316515644246613
15088,-0.6305061529282221,-0.15732634212523552,0.42407395494554173
15089,-1.0851524766045704,1.1139876296874291,1.1116747098627964
15090,1.563097702232591,-1.1421806022254783,-0.4911831733468231
15091,0.22122399996171724,-1.1421806022254783,-0.07099324881946519
15092,1.2169100918545441,-0.15732634212523552,-0.44324126123093893
15093,-0.7303298502853449,1.1139876296874291,1.0672855410617237
15095,0.5694301704621143,0.7080332292303888,0.39524990013546224
15096,-0.13015925602825726,-1.1421806022254783,-0.6799901228134766
15097,-1.552045934706048,-1.1421806022254783,-0.6495911750156678
15099,0.39165598958417785,-1.1421806022254783,-0.5678324856017459
15101,-1.1443312534040568,-0.15732634212523552,-1.1019125055607633
15103,-0.3659920991122902,-0.15732634212523552,0.12940217038037877
15104,1.1353398833556,-0.15732634212523552,0.12663227676076672
15105,-0.7303298502853449,1.2473999658429542,1.030589638625871
15106,-0.7303298502853449,0.9413631875519174,0.7534267228540777
15107,1.6436044177617508,0.37257502259223224,-1.2118637309061913
15108,0.8388148593693143,0.37257502259223224,0.5667378884760758
15109,1.3445701647258579,-1.1421806022254783,-0.31901687691539043
15110,-0.5417973579979597,0.7080332292303888,0.19279891298124222
15111,-0.4125347572453631,0.37257502259223224,0.8200024820010159
15113,-1.0851524766045704,0.37257502259223224,1.011749816256003
15114,-0.3889398912265015,1.5140076112100918,1.3861919009443677
15115,-0.7303298502853449,-1.1421806022254783,-0.5674704308706052
15116,-0.7303298502853449,0.7080332292303888,0.6527495388666529
15117,-0.8447985484134556,0.9413631875519174,0.6922942768825776
15119,1.3445701647258579,-1.1421806022254783,-0.866876776995577
15120,0.78773127048894,-1.1421806022254783,-0.5492815227194987
15121,-0.01725551879332896,-0.15732634212523552,-0.16103127648730767
15122,0.647577642958288,0.37257502259223224,0.7865505486033142
15123,-1.2798718810873329,-0.15732634212523552,1.0724764481849671
15124,-0.5702958889100813,-0.15732634212523552,-1.0621195594253858
15125,0.13568899379554164,1.4411389437857045,1.29021751811836
15127,0.1975784585920764,-1.1421806022254783,-0.27335137882259436
15128,0.12279741437841987,0.7080332292303888,0.8001537483574438
15129,-0.01725551879332896,1.5140076112100918,0.9577556239165863
15130,1.0001031435847438,-1.1421806022254783,-0.3118746369187963
15132,-0.7303298502853449,0.9413631875519174,0.3900877773438865
15133,0.7476772277927837,0.37257502259223224,0.14431439961296352
15134,-0.8447985484134556,1.3539192402952056,0.7949880680973845
15135,1.3170038513377686,-1.1421806022254783,-0.9890962013863934
15136,-1.6752065827819893,0.7080332292303888,0.7527950850679064
15139,1.3209839796397647,-0.15732634212523552,-0.8339632557266269
15140,0.012541544596951157,1.2473999658429542,0.9685113873333449
15142,-0.08000284691952356,-1.1421806022254783,-0.10049712795566319
15143,1.2639171799846685,-1.1421806022254783,-0.5650389915839221
15144,-1.2088496996586264,1.8141609571842097,2.0769238482915
15145,-1.552045934706048,0.7080332292303888,0.513788440856798
15146,0.973060085911785,-0.15732634212523552,0.7049135253600217
15147,1.3209839796397647,-1.1421806022254783,-0.19586046423598713
15148,-1.0304416842462376,-1.1421806022254783,-0.3842302027149396
15149,0.78773127048894,-1.1421806022254783,-0.3182901459785158
15150,-0.7666372915455425,1.5140076112100918,1.8538284130682456
15152,-1.0851524766045704,1.675591966784018,1.6881215576736075
15153,-0.3659920991122902,-1.1421806022254783,-0.5257525061176881
15154,0.29958131850608055,-1.1421806022254783,-0.7085569357045846
15156,-2.0344322917066844,0.37257502259223224,0.3594892262047178
15157,-1.552045934706048,0.37257502259223224,0.8613818801454495
15158,-0.09640706158582192,-1.1421806022254783,-1.1042861614048
15159,-1.8284860004532224,2.0120921097944136,2.82947286510421
15160,1.7104509037916424,-1.1421806022254783,-1.7373377255160007
15163,-0.7303298502853449,-0.15732634212523552,-0.4456161823494972
15164,0.23282602191229546,0.37257502259223224,0.37546135970978983
15165,1.7548021788970043,-1.1421806022254783,-0.23711179361839207
15167,1.6040515456373574,-1.1421806022254783,-0.9916022460243861
15168,-0.4876303449547161,-1.1421806022254783,-1.6440913940343485
15172,-1.1443312534040568,0.9413631875519174,0.8479117298759837
15174,1.610225165315647,-1.1421806022254783,-1.0987160724386238
15175,0.2667949163187858,-1.1421806022254783,-0.6590443898459928
15178,1.3977407869671015,-1.1421806022254783,-1.922154715853681
15179,-0.7303298502853449,0.7080332292303888,0.9315302731583864
15180,1.7383656183939098,-1.1421806022254783,-1.3445036593969213
15181,0.1975784585920764,0.37257502259223224,-0.7262683301720826
15182,0.9110024672408381,-0.15732634212523552,0.17366199976233412
15184,-0.4125347572453631,-0.15732634212523552,-0.41986623216063157
15185,0.24428607257948629,-1.1421806022254783,-0.9842733715376111
15186,-0.8870901036233153,-0.15732634212523552,-0.2657784322463587
15187,-1.8284860004532224,1.6291803310375392,1.1490021301569924
15189,-2.0344322917066844,2.109058704325358,1.9410554687646306
15192,0.6916965680237024,0.37257502259223224,0.1904552887819596
15193,0.13568899379554164,-1.1421806022254783,-0.2956056446532665
15194,-1.6752065827819893,1.752642309092698,1.9386577533826739
15197,-1.0304416842462376,0.37257502259223224,-0.06315468783849998
15198,0.46669531704171824,-0.15732634212523552,-0.7317352499445018
15199,0.10972239650768487,0.7080332292303888,-0.12272728250352867
15201,0.42048198794590724,0.9413631875519174,0.6704360574650415
15203,-0.4876303449547161,1.1139876296874291,1.0440897393449904
15204,1.7104509037916424,-1.1421806022254783,-0.8925788266890615
15205,0.40136073864378646,-0.15732634212523552,-0.1103342315953314
15206,-1.0851524766045704,0.7080332292303888,-0.11968265082110452
15208,-2.0344322917066844,0.9413631875519174,-0.07843753042291077
15210,1.259725918569415,-1.1421806022254783,-0.6638499326559729
15211,0.12279741437841987,-0.15732634212523552,0.25599900721881813
15212,1.324949900362801,-1.1421806022254783,-1.6050817721310418
15213,1.5978447903130049,-0.15732634212523552,-0.3161138310294505
15214,-1.8284860004532224,1.3539192402952056,0.9115679260267936
15215,-0.06389671920754665,0.37257502259223224,0.009967101478263454
15216,0.42990254301507225,-1.1421806022254783,-2.0724103682663095
15218,-1.0304416842462376,1.5140076112100918,1.5184120700646224
15219,1.031669483853163,-1.1421806022254783,-0.9160823840309287
15220,0.012541544596951157,1.1139876296874291,0.9457613343950343
15221,1.7356037687254329,-1.1421806022254783,-0.8678318452066844
15223,1.2639171799846685,-0.15732634212523552,-0.07486880561288993
15224,1.713272404991934,-0.15732634212523552,-0.5501507259820885
15225,1.2968861848047732,-1.1421806022254783,-0.2775558435250343
15226,1.5726785743906506,-1.1421806022254783,-1.047568151063096
15227,-0.24001712710008624,0.9413631875519174,0.4868788489285368
15228,0.1975784585920764,0.7080332292303888,1.2812860423371841
15230,1.3170038513377686,-0.15732634212523552,-0.10220594980547104
15232,0.6400324499796085,-0.15732634212523552,-0.24734739632697653
15234,1.4590957515606013,-1.1421806022254783,-0.7553100096281122
15235,1.2299311606297079,1.6291803310375392,1.1578211371560623
15236,1.5338661248881842,-1.1421806022254783,-0.3339359980361174
15237,-1.8284860004532224,0.7080332292303888,0.7646044945609998
15238,-0.4125347572453631,0.37257502259223224,0.34320469962969613
15239,-1.0851524766045704,-0.15732634212523552,0.34584729921677854
15240,-0.09640706158582192,0.9413631875519174,0.7079214824559111
15241,0.20947615164583766,1.3539192402952056,0.8244925266383099
15243,0.2887784270770501,-1.1421806022254783,-0.344794378559718
15244,0.1855267296633859,-0.15732634212523552,0.1176829497716323
15245,0.78773127048894,0.37257502259223224,0.9080442910866683
15246,1.3130094050418093,-0.15732634212523552,-0.0508537590214178
15247,0.7059841640227111,-1.1421806022254783,-1.1612777284690607
15249,-0.34365422335675777,1.675591966784018,2.118763599766546
15251,0.4576269176932297,1.2473999658429542,0.7997638001734004
15252,-0.25976293771736747,-0.15732634212523552,0.3361784574723492
15253,-0.8047267163130117,0.9413631875519174,0.44523423871493406
15254,0.7408460600978252,-1.1421806022254783,-0.5210778980815867
15255,0.20947615164583766,-1.1421806022254783,0.4623903008528442
15256,0.881530849050128,-1.1421806022254783,-1.2545599187359116
15257,1.4799795670254212,-1.1421806022254783,-1.9276366016969084
15258,0.9947495566046998,-0.15732634212523552,-0.18599841543571874
15260,0.5363636795631103,1.1139876296874291,0.9639954452166379
15261,0.7942571917855862,-1.1421806022254783,-0.5164301028069715
15262,1.613299668240245,-1.1421806022254783,-0.8709437000644852
15263,0.5935248754373961,-1.1421806022254783,-0.9865425707513605
15264,0.17331659078189585,-1.1421806022254783,-0.17174829640382935
15265,0.8934196358335683,-0.15732634212523552,0.6405556896484421
15266,1.6555083880671035,-1.1421806022254783,-1.8010220794800487
15269,-0.5417973579979597,-1.1421806022254783,-1.1104780690112064
15270,-0.8047267163130117,1.1139876296874291,0.4401898078142685
15271,-1.2798718810873329,1.752642309092698,1.2294928181765414
15272,0.082998830205763,-0.15732634212523552,0.02287597420003236
15274,-1.552045934706048,-0.15732634212523552,0.2689806573655982
15275,-0.2207141713346106,-1.1421806022254783,-0.024740520640725242
15276,0.1975784585920764,-1.1421806022254783,-1.2270156553067377
15277,-0.06389671920754665,-1.1421806022254783,-0.5571056675324065
15279,1.7047874646375094,-1.1421806022254783,-0.5620916480450134
15280,1.010729867139258,-1.1421806022254783,-1.3434603772426452
15281,0.10972239650768487,1.4411389437857045,1.1090886579562103
15286,-0.01725551879332896,-1.1421806022254783,-0.5617648270666915
15287,-0.5998368088904396,-0.15732634212523552,-0.13040791060076098
15288,-0.13015925602825726,0.9413631875519174,1.181660671330126
15289,-0.4125347572453631,0.37257502259223224,0.2780517846182875
15290,-1.4485587856030968,1.840535090348796,1.7155340397019405
15291,-0.4876303449547161,1.575895246520602,1.2435574489327605
15292,1.154003112320381,-1.1421806022254783,-1.1405665866737384
15296,-0.002233519485077917,1.1139876296874291,1.4542749714176277
15297,-1.0851524766045704,0.37257502259223224,0.19868077062353928
15298,-1.8284860004532224,1.575895246520602,1.5195571004075523
15300,0.17331659078189585,-1.1421806022254783,-0.057271626908398494
15301,-0.002233519485077917,1.575895246520602,1.6195858918702195
15303,1.5038687590342887,-1.1421806022254783,-0.07510264095131272
15304,0.13568899379554164,0.9413631875519174,-0.5550939176487504
15306,0.17331659078189585,0.37257502259223224,0.4516686633969658
15307,0.502148666903663,-1.1421806022254783,-1.1078922474816617
15308,1.4485077893678906,-1.1421806022254783,-0.63812576373286
15311,-2.0344322917066844,2.2705108854385303,3.0168343243087614
15312,0.29958131850608055,0.7080332292303888,0.4413477151622748
15313,0.6170495150333525,-1.1421806022254783,-1.73676375314204
15314,1.1447117092217385,-1.1421806022254783,-0.3513997227656907
15315,0.17331659078189585,-0.15732634212523552,-0.021481212117470352
15318,-1.552045934706048,-1.1421806022254783,-0.4284423672971511
15319,1.483423166528643,-1.1421806022254783,-0.9566794857719418
15320,-0.11312154370340959,-1.1421806022254783,-0.750547733279163
15321,0.25560785258344354,0.37257502259223224,1.1770433569619658
15322,0.4109687178442798,-1.1421806022254783,0.17473905833350536
15325,0.5694301704621143,-1.1421806022254783,-0.8693144536419476
15326,1.6436044177617508,-1.1421806022254783,-0.3573220885191377
15327,0.027078278817641344,-1.1421806022254783,-1.07069633680866
15329,-0.20183315632561427,0.37257502259223224,0.4294023142209198
15330,-0.34365422335675777,-1.1421806022254783,-2.14762026749344
15332,1.7466125350090018,0.37257502259223224,0.7740484748781343
15333,1.185910639060409,-1.1421806022254783,-0.5701402738904571
15334,0.9282944183154772,0.37257502259223224,-0.28444913516955606
15335,0.04138483603978646,-1.1421806022254783,-0.8542344227003653
15339,0.1975784585920764,-0.15732634212523552,0.06407118904627758
15341,0.36193945002682054,-1.1421806022254783,0.32757946665288334
15342,0.7612037549916904,-1.1421806022254783,-0.1770274293964758
15343,0.42048198794590724,-1.1421806022254783,-0.9115279622408662
15344,-0.34365422335675777,-0.15732634212523552,-0.755683901804061
15345,-0.08000284691952356,-1.1421806022254783,-0.5956635338835049
15346,1.6406092928822804,-1.1421806022254783,-0.5238794253267851
15347,1.7356037687254329,-1.1421806022254783,-1.397578019175847
15348,0.2667949163187858,-1.1421806022254783,-0.889922077946155
15349,0.9339955408970261,-0.15732634212523552,-0.22695945865793501
15350,1.7548021788970043,-1.1421806022254783,-1.1311406907034165
15351,-0.9795284129162457,1.2473999658429542,0.9960419180663996
15353,1.3790398480052746,-0.15732634212523552,0.10332161766024506
15355,-0.4125347572453631,-0.15732634212523552,-0.7494337082691394
15356,-0.3659920991122902,1.5140076112100918,1.4107256380791773
15358,-1.4485587856030968,1.9251850708526475,2.281679187931765
15360,-0.18335464868184115,-1.1421806022254783,-0.10531695103425846
15361,1.724491105975501,-1.1421806022254783,-0.9849368602059552
15363,1.7548021788970043,-1.1421806022254783,-0.36142203118441724
15364,0.502148666903663,-0.15732634212523552,0.2616182181039539
15365,-0.4876303449547161,1.2473999658429542,1.198186220173587
15366,0.29958131850608055,-0.15732634212523552,0.06593771667486058
15367,0.082998830205763,0.7080332292303888,1.0121219262704546
15370,0.25560785258344354,0.9413631875519174,0.9104980268258923
15373,-1.2088496996586264,1.5140076112100918,0.8562667099635006
15374,0.7544629096604374,-1.1421806022254783,-2.2677362394780367
15376,-0.18335464868184115,0.37257502259223224,0.6528469187131577
15379,0.9947495566046998,1.2473999658429542,1.5424944667792078
15380,-1.1443312534040568,0.7080332292303888,-0.4751109197277771
15381,1.4270297522340274,-1.1421806022254783,-0.9668887966638796
15382,-0.8447985484134556,1.1139876296874291,1.9448145451676007
15384,1.0001031435847438,-0.15732634212523552,0.15490292618357285
15385,-0.18335464868184115,-1.1421806022254783,-0.9703573019612494
15386,1.082287095056689,-1.1421806022254783,-0.21967382203132402
15388,1.4342345706416106,-1.1421806022254783,-0.9808541008348807
15392,-1.4485587856030968,0.7080332292303888,0.8411162389278177
15393,-0.8047267163130117,-0.15732634212523552,-0.5906701052727056
15394,-1.0851524766045704,0.7080332292303888,1.037601677289571
15395,1.6194242945112962,-1.1421806022254783,-1.4660746575960133
15396,0.6400324499796085,-1.1421806022254783,-0.6899235252637717
15397,1.5038687590342887,-1.1421806022254783,-1.2898876089798337
15398,-0.8047267163130117,-0.15732634212523552,0.7848554305269223
15399,-2.0344322917066844,0.37257502259223224,0.3664593767405223
15400,0.7476772277927837,0.37257502259223224,-0.6735477660875506
15402,0.881530849050128,-0.15732634212523552,-0.16555834683400955
15405,1.0970172910050466,-1.1421806022254783,-1.0479870804393383
15406,-0.3659920991122902,-0.15732634212523552,-0.30784858437971174
15407,-0.30067514330910233,0.7080332292303888,0.24573144212812367
15408,1.4124805251279904,-1.1421806022254783,-1.0901492954882623
15410,0.39165598958417785,1.3539192402952056,1.3741137017487812
15411,-0.4876303449547161,0.7080332292303888,0.5982184853098056
15412,1.0054298168956088,-1.1421806022254783,-1.7691269041919835
15414,-1.0851524766045704,0.37257502259223224,0.2614506728111995
15415,1.5790218091705654,-1.1421806022254783,-0.01632316651510547
15416,0.1855267296633859,0.7080332292303888,1.4873449278399844
15417,0.40136073864378646,-1.1421806022254783,0.0332550054088605
15419,-0.5142648687645806,-1.1421806022254783,-1.3688878475026984
15421,0.10972239650768487,0.7080332292303888,0.4544450686471702
15422,1.610225165315647,-0.15732634212523552,-1.2604046111537257
15423,-0.2207141713346106,-1.1421806022254783,-3.097159221988427
15424,1.3752619338149197,-0.15732634212523552,-0.37678169342297285
15426,-0.6956335185132512,0.9413631875519174,0.7560413152588771
15427,-0.32189228833536065,0.37257502259223224,0.7996568474090626
15428,-0.8447985484134556,-1.1421806022254783,-1.4609145048937944
15429,-0.4618328162388857,-0.15732634212523552,-0.3323824660169488
15432,-0.5702958889100813,-1.1421806022254783,-0.8278031600194915
15433,1.2125350916901998,-0.15732634212523552,0.07101510960153513
15434,-1.2088496996586264,0.9413631875519174,0.43224390123551504
15435,-0.5998368088904396,-1.1421806022254783,-1.1700228340836927
15436,-0.9795284129162457,0.37257502259223224,0.5519842401764427
15437,1.405134806374551,-1.1421806022254783,-0.7728188722401249
15438,0.7679003989392914,-1.1421806022254783,-0.9998439164262158
15440,0.05546894815436756,0.37257502259223224,-0.3689110335879068
15443,-1.8284860004532224,1.2473999658429542,1.4019009300092002
15444,-1.1443312534040568,-0.15732634212523552,0.7701480517226352
15445,1.4124805251279904,-1.1421806022254783,-1.5344395195768268
15447,1.6345957849655695,-1.1421806022254783,-1.0430338926573954
15448,1.5790218091705654,-1.1421806022254783,-0.1491915111502381
15449,-0.4876303449547161,0.37257502259223224,0.49729604993321924
15450,-0.3889398912265015,-1.1421806022254783,-0.18152111993494502
15452,-0.3889398912265015,0.37257502259223224,0.02418450969683609
15453,-1.8284860004532224,1.2473999658429542,0.7134594091178508
15454,1.724491105975501,-1.1421806022254783,-0.8940586151721339
15456,1.4799795670254212,0.37257502259223224,-0.2238475800867422
15457,1.405134806374551,-1.1421806022254783,-0.6420136984294341
15458,-0.5142648687645806,-1.1421806022254783,-0.9678627928227607
15460,1.7019454553813549,-1.1421806022254783,-0.8347881864600292
15462,0.4845828164794833,0.37257502259223224,-0.9588180025988021
15463,-0.4125347572453631,-1.1421806022254783,-1.107247103434548
15464,1.6555083880671035,-1.1421806022254783,0.31025682689553175
15465,-0.6624013797032222,1.840535090348796,1.088716645851945
15466,0.40136073864378646,-1.1421806022254783,-0.3252692240392799
15467,-1.1443312534040568,0.37257502259223224,0.01914643821505774
15468,-0.002233519485077917,-1.1421806022254783,-0.20443032420264273
15469,-0.01725551879332896,-0.15732634212523552,-0.4362418397352887
15471,-1.8284860004532224,-1.1421806022254783,-0.2188373326222852
15472,0.6400324499796085,-1.1421806022254783,-0.2998319318651295
15475,0.32082458720812473,-1.1421806022254783,-0.14669474425860604
15478,-0.18335464868184115,-0.15732634212523552,0.48139141041445016
15480,0.6624999285363061,-1.1421806022254783,0.13748982255140563
15482,-0.8047267163130117,1.4411389437857045,1.221915608624234
15483,0.9509154244814819,0.7080332292303888,-0.7013779981464638
15484,-2.0344322917066844,0.7080332292303888,1.3431213319323208
15485,-0.3889398912265015,0.37257502259223224,0.8556486844311632
15489,-0.5702958889100813,0.37257502259223224,0.34229300714199656
15491,0.4934051657049856,1.1139876296874291,1.2887642953185958
15492,-0.4368174524113916,-0.15732634212523552,0.026827152929980804
15493,-0.32189228833536065,0.9413631875519174,0.746586546725763
15494,-0.6305061529282221,-0.15732634212523552,0.6269239063578609
15497,-0.7303298502853449,-0.15732634212523552,0.01604433233833284
15498,-1.6752065827819893,1.9869809403539003,2.614634367069477
15500,-1.2088496996586264,0.7080332292303888,0.4354255212540874
15502,-0.8047267163130117,1.4411389437857045,1.6211456254028596
15503,1.7272791279342035,-1.1421806022254783,-1.0491852363824556
15504,0.36193945002682054,-1.1421806022254783,-1.7249482018789202
15505,0.027078278817641344,0.9413631875519174,1.1104764209746159
15506,-0.5702958889100813,0.37257502259223224,0.34120635505687974
15507,1.010729867139258,-1.1421806022254783,-0.39621153629188666
15508,1.0970172910050466,1.1139876296874291,0.36873479022259814
15511,-0.9795284129162457,0.9413631875519174,0.08049652434708707
15512,0.9225621135173867,-0.15732634212523552,-1.0963589516510455
15513,-0.32189228833536065,1.8141609571842097,2.346780604320419
15514,-0.9795284129162457,1.5140076112100918,1.2075844731935126
15516,-0.09640706158582192,0.37257502259223224,-1.7095599012537908
15517,1.2928184451927718,-1.1421806022254783,-0.5418510216782013
15518,0.17331659078189585,1.2473999658429542,1.027129132632246
15520,-1.8284860004532224,-1.1421806022254783,-0.33480035257947777
15521,-0.18335464868184115,1.2473999658429542,1.128809751439668
15522,-0.32189228833536065,-0.15732634212523552,-0.3181690870984635
15523,0.39165598958417785,-1.1421806022254783,-1.3357654320435448
15525,-1.8284860004532224,0.37257502259223224,0.2129896245012838
15526,-0.32189228833536065,-1.1421806022254783,-2.9686898561229254
15527,-0.6956335185132512,1.3539192402952056,0.9035383471915437
15528,1.3752619338149197,-1.1421806022254783,-0.9128915696017356
15529,-0.5702958889100813,1.575895246520602,1.6555945071629896
15530,-0.5998368088904396,0.7080332292303888,0.6378454562555591
15531,-1.2088496996586264,-0.15732634212523552,1.022726781078095
15532,-0.5142648687645806,0.7080332292303888,0.6638453119893685
15533,-0.6956335185132512,0.37257502259223224,0.026318386573178993
15535,1.0160035801223155,0.7080332292303888,-0.4273342429576267
15537,0.9620459415531177,-1.1421806022254783,-1.3574854822876457
15539,-1.2798718810873329,-1.1421806022254783,-0.01603848420174827
15540,-1.0304416842462376,-1.1421806022254783,-0.7664346155311048
15541,0.647577642958288,-1.1421806022254783,-1.3653962005768827
15543,1.4970942624576842,-1.1421806022254783,-1.1162618639576485
15544,-1.1443312534040568,1.4411389437857045,1.6148194868478565
15545,0.04138483603978646,-0.15732634212523552,-0.5864144323251049
15547,-1.2798718810873329,1.675591966784018,1.7196967432423262
15549,0.32082458720812473,0.37257502259223224,0.7266598920205076
15550,-1.552045934706048,0.7080332292303888,-0.022898185013534737
15551,-0.24001712710008624,-1.1421806022254783,-0.46829829037497733
15552,1.2256079781275764,-1.1421806022254783,-1.3220330525853876
15553,0.12279741437841987,-1.1421806022254783,-0.17745530970872003
15554,1.462603193933059,-1.1421806022254783,-1.0387027707487535
15555,-0.9795284129162457,1.785023119276935,1.738050014019713
15556,-0.5417973579979597,-1.1421806022254783,-0.7011449759070805
15557,-0.4125347572453631,-1.1421806022254783,-0.43932652004780753
15561,-0.9795284129162457,0.7080332292303888,0.05102482619210734
15563,-0.5998368088904396,0.37257502259223224,0.6735769666360416
15565,-0.01725551879332896,-0.15732634212523552,-1.0796156011877618
15567,-0.6956335185132512,-1.1421806022254783,-1.633463641135657
15568,-1.6752065827819893,0.37257502259223224,0.318052537319537
15569,0.7745534629301226,-0.15732634212523552,-1.640279165342947
15570,-1.2798718810873329,1.6291803310375392,1.549856944872172
15571,-0.9795284129162457,0.7080332292303888,0.10748333565265743
15572,-1.4485587856030968,1.2473999658429542,1.0478669499978905
15573,-0.34365422335675777,-0.15732634212523552,-0.10042291197880496
15574,1.041986766820532,0.7080332292303888,-0.0384416075773743
15576,-0.2207141713346106,-1.1421806022254783,0.15995067324541345
15577,0.8934196358335683,0.37257502259223224,-0.6700655156486772
15578,0.9564953954736334,-1.1421806022254783,-1.1082150158281938
15579,0.23282602191229546,-0.15732634212523552,-0.6531688998977325
15581,0.9225621135173867,1.5140076112100918,0.17669014865747654
15582,-0.5142648687645806,0.37257502259223224,0.2464264129457617
15584,-0.5417973579979597,0.7080332292303888,0.1269420656898146
15585,1.036840613608142,-1.1421806022254783,-0.08418357152133221
15587,-0.01725551879332896,0.37257502259223224,-0.37382127124495346
15589,1.3828050653031072,0.37257502259223224,-0.1322573835659659
15592,-0.06389671920754665,-1.1421806022254783,-0.3498629075724242
15593,0.25560785258344354,-1.1421806022254783,-0.7072646921845452
15594,-0.8047267163130117,0.9413631875519174,0.9911338269942341
15596,0.5447346908317658,0.9413631875519174,0.664990432887603
15597,-0.2799741544043472,-1.1421806022254783,-0.325293646123487
15598,0.027078278817641344,-1.1421806022254783,-0.6188568258873882
15599,-0.4618328162388857,-0.15732634212523552,0.23498931771283887
15601,-1.0304416842462376,1.7164188947372359,1.9549857883425212
15602,-1.2088496996586264,1.2473999658429542,0.1918882912920413
15604,0.012541544596951157,-1.1421806022254783,-0.6448333426272927
15605,-0.25976293771736747,0.9413631875519174,0.5337087802489829
15606,0.13568899379554164,1.4411389437857045,1.3607901009827295
15607,1.6525437904201141,-1.1421806022254783,-1.3422449546903898
15608,0.12279741437841987,0.37257502259223224,0.39872776389300946
15609,1.072353409001506,-1.1421806022254783,-0.47440654177349867
15610,0.012541544596951157,-1.1421806022254783,-1.1526278828391394
15611,-1.0851524766045704,1.575895246520602,0.27009481226242255
15612,-0.25976293771736747,-0.15732634212523552,-0.7880742714154352
15615,-1.0851524766045704,1.9251850708526475,2.326880340171494
15618,-0.32189228833536065,0.7080332292303888,0.33527107663005995
15619,-1.0304416842462376,-1.1421806022254783,-1.2456810259660704
15620,0.082998830205763,0.37257502259223224,0.7349481400728322
15621,-1.552045934706048,0.37257502259223224,-0.6986635894068298
15622,-0.13015925602825726,1.4411389437857045,1.5042488799804639
15623,0.8325661695854,-1.1421806022254783,-0.5989412760464884
15624,0.6698788008538272,0.7080332292303888,0.037502103273711354
15625,0.5694301704621143,0.7080332292303888,0.7027281301852675
15626,0.29958131850608055,-0.15732634212523552,0.1139586456521441
15628,-1.4485587856030968,1.4411389437857045,1.3651453491055126
15630,-0.09640706158582192,-0.15732634212523552,0.5619100400523434
15632,-0.8047267163130117,1.3539192402952056,1.4543858543948187
15634,-0.7666372915455425,-1.1421806022254783,-0.6050541513296714
15636,0.44847316797844267,-0.15732634212523552,0.1516982173863641
15637,0.027078278817641344,-1.1421806022254783,-0.6199797216871504
15639,0.78773127048894,-1.1421806022254783,-0.7973422279084255
15640,-1.552045934706048,1.7164188947372359,2.3261886097095514
15641,0.5775269238877871,0.7080332292303888,1.0402719907500353
15643,1.1115483898802259,0.37257502259223224,-0.0941573605422271
15644,0.9785243333842288,0.7080332292303888,0.3370203744492977
15645,-0.6956335185132512,-1.1421806022254783,-0.01094760674849982
15646,0.9339955408970261,0.37257502259223224,-0.23302263239668047
15648,1.167792642233864,-0.15732634212523552,-0.008389042747074317
15651,-0.24001712710008624,0.37257502259223224,0.005770998607562518
15652,0.4576269176932297,-1.1421806022254783,-0.4060493482463851
15653,0.6624999285363061,-1.1421806022254783,-1.7963626826375498
15654,-1.1443312534040568,-0.15732634212523552,-0.1981356072437329
15655,1.3328395542355918,-1.1421806022254783,-0.03790841765677431
15656,-0.09640706158582192,0.7080332292303888,0.12368347762056889
15657,-0.5702958889100813,-1.1421806022254783,-2.141790055962345
15658,1.101882824572414,0.7080332292303888,0.14385933636571555
15659,-0.11312154370340959,-1.1421806022254783,-1.4332693018163305
15660,-0.5142648687645806,1.3539192402952056,0.8966107269282031
15661,1.591604512719283,-1.1421806022254783,-2.43968286855313
15663,0.5855581134555359,-1.1421806022254783,-1.076879655089413
15664,-0.002233519485077917,-1.1421806022254783,-0.3580336410123055
15665,0.9893687604489686,-0.15732634212523552,1.1119533426934545
15667,-0.18335464868184115,-1.1421806022254783,-0.38415144127484
15669,-0.18335464868184115,0.7080332292303888,-0.08856078068166784
15670,1.5272677361536333,-1.1421806022254783,-0.8943055126340753
15671,-0.4876303449547161,1.1139876296874291,0.7156101954860059
15673,0.42990254301507225,0.7080332292303888,1.2341376333975014
15674,0.2778506796454355,0.7080332292303888,1.0747440843789486
15675,0.36193945002682054,0.37257502259223224,-0.6456666600238726
15676,-0.6956335185132512,0.37257502259223224,1.4284295837314052
15677,-0.03253354575706003,-1.1421806022254783,0.1398217697847987
15678,0.027078278817641344,-1.1421806022254783,-0.41360867296443665
15679,-0.5417973579979597,0.7080332292303888,0.27983310915500026
15680,-1.1443312534040568,0.37257502259223224,0.6970407118163718
15681,-0.5142648687645806,0.9413631875519174,0.8312770854829178
15683,0.6698788008538272,-1.1421806022254783,-0.9153215116459237
15687,-1.1443312534040568,1.4411389437857045,1.2836674018843324
15689,0.6916965680237024,-0.15732634212523552,-0.5675033382434593
15690,-1.552045934706048,-0.15732634212523552,-0.700717943416041
15692,-0.4368174524113916,-1.1421806022254783,-0.7422912012992874
15694,-1.2088496996586264,1.575895246520602,1.3159899062163787
15695,1.4234100154207303,-0.15732634212523552,-0.24790253968500106
15696,-0.32189228833536065,1.3539192402952056,1.2506723049429027
15699,-0.7303298502853449,-1.1421806022254783,-0.7025830211370775
15700,1.010729867139258,-0.15732634212523552,0.09788568356376726
15701,-1.8284860004532224,0.7080332292303888,0.7218365864545745
15703,1.416135483736628,-1.1421806022254783,-0.6627384178171722
15704,0.8262794399433101,0.7080332292303888,1.0539186680329675
15705,1.154003112320381,-1.1421806022254783,-2.450473260567737
15706,0.1855267296633859,0.37257502259223224,0.30653546970644535
15707,-0.2799741544043472,0.7080332292303888,0.42095736771244885
15708,-0.16526055765926362,1.2473999658429542,1.4058060878900251
15709,1.483423166528643,-1.1421806022254783,-1.5174593794160196
15712,-1.1443312534040568,0.9413631875519174,0.4410101580806209
15713,0.8450260030809356,-0.15732634212523552,-0.4808272009479997
15714,-0.9795284129162457,-0.15732634212523552,-0.5147017365316496
15716,0.8634389504272652,0.7080332292303888,0.4404697826461905
15717,1.2968861848047732,-1.1421806022254783,-0.92887127601758
15719,-0.32189228833536065,1.675591966784018,1.8596626420561502
15720,-0.5417973579979597,-1.1421806022254783,-0.11451369027070417
15721,-0.9795284129162457,-1.1421806022254783,0.010518485665089578
15722,-0.25976293771736747,0.7080332292303888,0.4561803821736904
15723,1.732835425848913,-1.1421806022254783,-0.9335257852650805
15724,1.154003112320381,-0.15732634212523552,-0.63812576373286
15725,-0.8447985484134556,-1.1421806022254783,-0.19533953277990157
15727,-0.7666372915455425,1.2473999658429542,1.7089948327768738
15729,1.2081425192857578,-1.1421806022254783,-1.36655836657106
15730,0.1975784585920764,0.37257502259223224,0.5331733117438325
15732,1.203732221452046,-0.15732634212523552,-0.44157730355460534
15733,1.4799795670254212,-1.1421806022254783,-1.153037651097446
15734,0.6550665021984642,-0.15732634212523552,-0.20772281244968527
15737,-0.8447985484134556,1.2473999658429542,0.5374303084796586
15738,-0.6956335185132512,1.785023119276935,1.690333342974771
15739,0.1975784585920764,-1.1421806022254783,-1.4357072365707793
15740,-0.03253354575706003,-1.1421806022254783,-1.0602936322428131
15743,-0.8047267163130117,0.7080332292303888,0.11930440608466869
15744,0.33127071588747836,-1.1421806022254783,-3.1448130216784653
15745,-0.6956335185132512,0.7080332292303888,0.5197881592338002
15746,0.78773127048894,-1.1421806022254783,-0.7760088046410558
15747,-0.9318853875046619,0.37257502259223224,0.2408993554246992
15748,-0.18335464868184115,-1.1421806022254783,-0.9873743793880015
15750,-1.6752065827819893,1.3539192402952056,1.2206519307007624
15752,-0.18335464868184115,1.2473999658429542,1.3718876106718099
15754,-0.002233519485077917,0.37257502259223224,-0.050033224442541824
15755,-1.0851524766045704,1.1139876296874291,1.175913382787251
15756,0.13568899379554164,0.7080332292303888,-0.04865587019399733
15757,0.1975784585920764,-0.15732634212523552,0.2583689965049691
15758,-0.5142648687645806,-1.1421806022254783,-0.6862174942105075
15759,1.5272677361536333,-0.15732634212523552,-1.439231181520286
15762,0.1855267296633859,-0.15732634212523552,-0.008554942085376823
15763,-0.34365422335675777,-0.15732634212523552,0.1696873837639113
15764,0.42990254301507225,1.1139876296874291,1.3709299640088086
15766,0.17331659078189585,-1.1421806022254783,-0.46021520062248206
15768,0.6624999285363061,0.37257502259223224,-0.3096674327527881
15769,1.3009390340426663,-1.1421806022254783,-1.0897706819002944
15773,-1.35900440190184,-1.1421806022254783,-1.0482265675632465
15774,0.23282602191229546,-1.1421806022254783,-0.7475804210323833
15775,1.3406736705771034,-1.1421806022254783,-1.3410314003867363
15776,0.7811635550624721,-1.1421806022254783,-0.8605543546815454
15777,1.324949900362801,0.37257502259223224,-0.36369734944800347
15780,1.072353409001506,0.37257502259223224,-0.15504043643656978
15781,-0.5142648687645806,0.37257502259223224,-0.516152080946748
15782,-1.0851524766045704,0.37257502259223224,0.827158085652612
15783,-1.0304416842462376,-1.1421806022254783,-0.8535300578579725
15785,-0.32189228833536065,0.9413631875519174,0.6697976558923493
15786,-0.08000284691952356,0.37257502259223224,1.7693635738274445
15787,-0.4876303449547161,0.37257502259223224,0.3647487274686702
15789,1.713272404991934,-1.1421806022254783,-0.3938170522781041
15790,-1.0851524766045704,-1.1421806022254783,-0.9538547356518191
15791,-0.11312154370340959,-0.15732634212523552,0.7934809801145953
15793,-0.8447985484134556,-0.15732634212523552,-1.0181424584650818
15795,0.8874922060612215,-1.1421806022254783,0.012040982945982253
15796,-2.0344322917066844,1.3539192402952056,1.1719953314913938
15799,0.3102623955010061,0.37257502259223224,0.30753248101150066
15800,0.5935248754373961,-0.15732634212523552,0.1534998368261556
15801,-0.08000284691952356,0.37257502259223224,0.5785235347333872
15803,-0.002233519485077917,-1.1421806022254783,-0.9056957867953549
15804,-2.0344322917066844,1.675591966784018,1.5829828179901455
15805,-0.5702958889100813,1.785023119276935,1.8703728321941266
15806,-0.08000284691952356,0.37257502259223224,0.2563723986372032
15807,-0.01725551879332896,-0.15732634212523552,0.3966346485945206
15808,1.5566658206584332,0.7080332292303888,1.4881224419278196
15809,-0.25976293771736747,0.7080332292303888,-0.3330725591585866
15810,0.3416035021098939,0.7080332292303888,0.7998329976800247
15811,-0.5998368088904396,1.1139876296874291,1.1134233623235665
15812,0.5935248754373961,0.7080332292303888,0.029429662806133402
15813,1.185910639060409,-0.15732634212523552,0.3230352724857802
15814,-0.7666372915455425,0.7080332292303888,0.5754406763567508
15815,0.17331659078189585,0.37257502259223224,0.05455174357447042
15819,-0.03253354575706003,0.7080332292303888,1.0303884419053444
15820,1.6009523339333225,-1.1421806022254783,-1.1223508890866227
15821,-0.11312154370340959,-0.15732634212523552,-0.16545791936663157
15822,-1.6752065827819893,-0.15732634212523552,0.20136165766726236
15825,1.010729867139258,-1.1421806022254783,-0.7086745152433481
15826,0.06933795489383361,0.37257502259223224,0.8152537556250093
15827,0.2778506796454355,1.7164188947372359,0.8926747841274724
15829,0.5279209325674449,-0.15732634212523552,0.04735874718444042
15830,-0.2207141713346106,-1.1421806022254783,-0.04841202257587101
15831,0.09645820643169936,0.37257502259223224,-0.16089145605735222
15832,1.3752619338149197,-1.1421806022254783,0.42009727189025897
15834,0.24428607257948629,0.37257502259223224,0.9076678648887445
15835,-0.11312154370340959,0.7080332292303888,0.40068403231785915
15836,-0.01725551879332896,-1.1421806022254783,-1.7664401087105395
15837,0.1855267296633859,-1.1421806022254783,-0.38701801147024095
15838,-0.5142648687645806,0.9413631875519174,0.3106968581048816
15839,-0.32189228833536065,0.37257502259223224,0.5982264792979318
15840,0.10972239650768487,-0.15732634212523552,-0.34199763369541464
15841,0.2778506796454355,0.7080332292303888,0.32983126480048514
15843,1.5501977257633475,-1.1421806022254783,-1.4059976037565616
15844,-0.08000284691952356,-1.1421806022254783,-1.1777370142057977
15845,-0.7303298502853449,1.3539192402952056,1.476911375422838
15847,-0.2207141713346106,-0.15732634212523552,-0.44768575667625843
15850,-0.6956335185132512,-0.15732634212523552,-0.6798010174630282
15852,1.0872196463115573,-0.15732634212523552,-1.1716296118960072
15853,0.012541544596951157,-1.1421806022254783,-1.1640435312374875
15854,-1.552045934706048,1.575895246520602,1.1481765193422753
15855,0.8071859215343972,0.9413631875519174,0.3043560127183689
15856,-1.552045934706048,1.9731339718028382,2.4853502485436625
15857,-0.6956335185132512,-1.1421806022254783,-0.8124505483969308
15858,-0.8047267163130117,0.9413631875519174,0.7206488878169778
15860,-0.16526055765926362,1.3539192402952056,0.3641777292738473
15861,-0.9795284129162457,1.2473999658429542,1.4231175509497458
15862,-1.2088496996586264,0.7080332292303888,0.23942578863947547
15863,-0.4876303449547161,-0.15732634212523552,-1.8876115984844748
15864,0.20947615164583766,0.37257502259223224,-0.3006845618282601
15865,-0.16526055765926362,0.37257502259223224,-0.04722864736563807
15866,0.5447346908317658,-1.1421806022254783,-0.8650652765723427
15867,-1.4485587856030968,1.752642309092698,1.2515930883087005
15869,1.4590957515606013,-0.15732634212523552,-1.1066024821993434
15870,-0.32189228833536065,-1.1421806022254783,-0.29468773040790386
15872,-0.8447985484134556,-0.15732634212523552,-0.37993571984408836
15874,0.17331659078189585,1.2473999658429542,0.9583190921492628
15877,-1.8284860004532224,-0.15732634212523552,-0.20186462884529535
15880,1.743869969103029,-1.1421806022254783,-0.37084574891108596
15881,1.575854558163292,0.7080332292303888,-0.6455579176485453
15882,1.1447117092217385,0.7080332292303888,-0.10937708471387882
15883,-1.8284860004532224,-0.15732634212523552,-0.269350864350903
15885,0.4756800668708009,-1.1421806022254783,-0.504986826136983
15886,0.12279741437841987,-1.1421806022254783,-1.2089264279702865
15888,0.36193945002682054,-1.1421806022254783,-1.3078705834406792
15889,0.9282944183154772,-0.15732634212523552,-0.24201506453245908
15891,1.2680925591763403,-1.1421806022254783,-0.14502791759460645
15894,1.371471229871686,-0.15732634212523552,-0.5140237426540237
15895,0.8874922060612215,-1.1421806022254783,-2.369774334025852
15897,1.1211280166950106,-0.15732634212523552,-1.2704011123249208
15898,-2.0344322917066844,0.9413631875519174,0.27701874259896864
15899,1.743869969103029,-1.1421806022254783,-1.869367955583239
15900,-0.5417973579979597,-1.1421806022254783,-0.2629226440090063
15901,-0.7666372915455425,0.37257502259223224,-0.42841464576543997
15903,-1.0851524766045704,1.2473999658429542,1.1721089165959557
15904,-1.2088496996586264,-1.1421806022254783,-1.0516471021773517
15906,-0.6624013797032222,1.2473999658429542,0.7615886362135781
15907,-1.552045934706048,0.37257502259223224,0.43247782755423364
15909,1.021251236962237,-1.1421806022254783,-0.7386215293447781
15910,-2.0344322917066844,1.3539192402952056,0.6999777562183788
15912,1.041986766820532,-0.15732634212523552,-0.5168936846279883
15916,-0.8047267163130117,1.2473999658429542,0.6520300764699433
15917,1.3523225394809237,-1.1421806022254783,-1.62285438669861
15918,1.1067264535528785,-0.15732634212523552,-0.3020363841812129
15919,-0.6624013797032222,-0.15732634212523552,0.15153423910284794
15920,0.9110024672408381,0.7080332292303888,-0.887420992135612
15921,1.0160035801223155,-1.1421806022254783,-0.8608858735397795
15922,1.7548021788970043,-1.1421806022254783,-0.6754261774477407
15923,1.7548021788970043,-1.1421806022254783,-1.4288999556940625
15925,1.1211280166950106,-1.1421806022254783,-0.8382806084075196
15930,0.20947615164583766,-1.1421806022254783,-0.1719709564146549
15932,-1.552045934706048,1.3539192402952056,0.9619933082111934
15933,-0.6305061529282221,0.37257502259223224,0.6084284155505091
15935,1.3170038513377686,-1.1421806022254783,-1.3142918444057754
15937,0.17331659078189585,-1.1421806022254783,-0.9548129657268498
15938,0.6324299997255387,0.9413631875519174,-0.394029610136044
15939,0.44847316797844267,1.575895246520602,0.432536298889125
15942,0.78773127048894,-1.1421806022254783,-0.5142085938347777
15944,1.4590957515606013,-1.1421806022254783,-0.9309366039024556
15945,1.732835425848913,-1.1421806022254783,-2.7014573025860193
15947,0.3818523401656106,-1.1421806022254783,-0.266255369198526
15948,-1.2088496996586264,-0.15732634212523552,0.5226801085188086
15949,-0.7666372915455425,-0.15732634212523552,-0.2663462459163931
15950,-0.34365422335675777,0.7080332292303888,0.9704159491062909
15951,-1.1443312534040568,-0.15732634212523552,0.1430589210437563
15952,-0.30067514330910233,0.7080332292303888,0.2841766189966431
15953,-0.8447985484134556,1.3539192402952056,0.5452840500535187
15955,-0.5417973579979597,1.7164188947372359,1.670020983321017
15957,-0.34365422335675777,-1.1421806022254783,-0.16109120683281716
15958,0.2887784270770501,-1.1421806022254783,-1.341464598536366
15963,-0.6624013797032222,-0.15732634212523552,-0.09340281069838267
15965,-0.7666372915455425,0.7080332292303888,0.38708829187909766
15967,-0.5702958889100813,-0.15732634212523552,-0.21392151188832426
15969,-1.6752065827819893,0.37257502259223224,-0.4629874056502385
15970,1.5501977257633475,-1.1421806022254783,-0.3512736451677523
15971,0.027078278817641344,1.2473999658429542,-0.4619756090374556
15973,1.7383656183939098,-1.1421806022254783,-2.042053597172202
15974,-0.20183315632561427,1.2473999658429542,1.4561230992483905
15975,0.39165598958417785,-1.1421806022254783,-0.2190946228793
15976,0.973060085911785,-0.15732634212523552,-0.2019696223713851
15977,-0.7666372915455425,-0.15732634212523552,0.20942913323490714
15978,0.32082458720812473,-1.1421806022254783,0.5320234885433454
15980,0.43923231330448226,0.37257502259223224,0.7630420632613346
15981,-0.5142648687645806,1.3539192402952056,1.2780420282581657
15983,-0.5998368088904396,0.7080332292303888,0.6801138933262773
15984,-1.6752065827819893,1.4411389437857045,1.0967795961118447
15985,0.7130530259563577,-0.15732634212523552,0.12337246494695504
15986,-0.3889398912265015,-1.1421806022254783,-1.0644384250602057
15987,-0.9795284129162457,0.9413631875519174,0.05833905753871951
15988,-0.6956335185132512,-1.1421806022254783,-1.1463710956602386
15990,-0.11312154370340959,-0.15732634212523552,0.1712101289676099
15992,-1.552045934706048,-1.1421806022254783,-2.2169854067972175
15993,-1.1443312534040568,1.1139876296874291,1.25630349843971
15994,0.05546894815436756,-1.1421806022254783,-0.2537879881099932
15996,0.42990254301507225,1.1139876296874291,0.3949849066767034
15998,-0.24001712710008624,0.9413631875519174,1.328614734274943
16003,-0.3889398912265015,0.9413631875519174,0.9812265764389795
16005,-0.9795284129162457,0.7080332292303888,0.02999984725227647
16006,1.1993040429374937,-1.1421806022254783,-1.2319804289794056
16007,-0.04807721782285418,0.7080332292303888,0.9668297621493606
16008,-0.5417973579979597,0.37257502259223224,-0.10470126686506907
16009,-0.5998368088904396,0.7080332292303888,0.27369962931779507
16010,1.3445701647258579,0.37257502259223224,-0.14436213465709827
16011,-1.2088496996586264,1.785023119276935,1.5533365908671886
16012,-0.2799741544043472,0.37257502259223224,0.5678327649623767
16013,-1.2088496996586264,1.2473999658429542,0.46665755005426424
16014,-0.2207141713346106,0.37257502259223224,0.12471463671795961
16015,-1.552045934706048,0.37257502259223224,0.12126297528781105
16016,-1.6752065827819893,1.3539192402952056,0.7833686005198187
16017,-0.06389671920754665,-1.1421806022254783,-0.8239939395098881
16018,-0.20183315632561427,-0.15732634212523552,-0.30624848268827237
16019,-0.06389671920754665,1.4411389437857045,1.302539248814744
16020,-0.7666372915455425,0.37257502259223224,0.29839011375395347
16022,1.3977407869671015,-1.1421806022254783,0.09496401995625564
16023,-0.08000284691952356,0.37257502259223224,0.09412944984913708
16024,-0.9795284129162457,-1.1421806022254783,-0.6156371675189007
16025,-0.3889398912265015,-1.1421806022254783,-0.11426835959025936
16026,-0.13015925602825726,-1.1421806022254783,-0.5764709328431267
16027,0.8071859215343972,0.37257502259223224,-1.5724445447562596
16029,0.1975784585920764,1.785023119276935,0.8105340675839431
16030,1.5694938056688805,-1.1421806022254783,-0.35443145404939985
16031,0.46669531704171824,-0.15732634212523552,-0.09206105775923198
16033,-1.35900440190184,1.8864734417209479,2.200461868913799
16034,1.1306233388853546,0.37257502259223224,-0.14514546484675644
16036,0.42048198794590724,-0.15732634212523552,0.17610663080943478
16037,1.4342345706416106,0.37257502259223224,0.2614147658486327
16038,-1.2088496996586264,0.37257502259223224,-0.09779258195646152
16040,0.1855267296633859,0.37257502259223224,0.5955442213017845
16042,-0.5998368088904396,0.9413631875519174,0.669357096252899
16043,-0.2207141713346106,0.7080332292303888,0.16414719624983232
16045,0.6916965680237024,0.7080332292303888,0.6827130527393944
16048,1.7548021788970043,-0.15732634212523552,-0.5114402430380065
16049,-0.18335464868184115,0.37257502259223224,0.5891927969406271
16050,1.021251236962237,-1.1421806022254783,-1.43688013272511
16052,0.04138483603978646,-1.1421806022254783,-0.3783441458308403
16053,-0.32189228833536065,-0.15732634212523552,0.6397420160886519
16054,0.8573375787693495,-1.1421806022254783,0.1772600076989238
16055,1.2427994036328696,-1.1421806022254783,-1.4318101569248973
16056,-0.09640706158582192,-1.1421806022254783,0.003059834808454874
16057,-0.8047267163130117,1.2473999658429542,1.1326887323975492
16059,0.1975784585920764,1.1139876296874291,0.8017054650636755
16062,-1.0851524766045704,0.7080332292303888,0.1266745275417161
16063,1.3977407869671015,-1.1421806022254783,-0.2994532710259714
16065,1.732835425848913,-1.1421806022254783,-0.3296524741640509
16066,-0.7666372915455425,0.9413631875519174,0.6481599053992787
16070,-0.5998368088904396,-0.15732634212523552,0.44988576150623505
16071,-0.09640706158582192,-1.1421806022254783,-0.38949823508643194
16072,1.4970942624576842,-1.1421806022254783,-0.9941161816294177
16076,-1.6752065827819893,1.4411389437857045,1.152628670630735
16078,1.483423166528643,-1.1421806022254783,-1.4202333405874061
16079,-0.7666372915455425,0.37257502259223224,-1.255414444746746
16080,0.3719475869257092,-0.15732634212523552,-0.6420497854589934
16081,0.06933795489383361,0.9413631875519174,1.2781746048297835
16083,0.5447346908317658,-0.15732634212523552,0.17404777436683241
16084,1.5338661248881842,-1.1421806022254783,-0.16401312706294918
16085,-0.5702958889100813,0.9413631875519174,0.4501243379557599
16086,0.10972239650768487,0.9413631875519174,0.39251437926562327
16091,0.9167982557003951,-0.15732634212523552,-0.3488567314800752
16092,0.6550665021984642,0.37257502259223224,0.34896644765129986
16093,0.5935248754373961,-1.1421806022254783,-2.5468946425915497
16094,-0.9795284129162457,0.7080332292303888,0.44584826870036764
16096,1.4124805251279904,-1.1421806022254783,-1.073658338125156
16097,1.3209839796397647,-1.1421806022254783,-1.1668190018372702
16098,0.42990254301507225,1.2473999658429542,0.6637861666067129
16099,-0.01725551879332896,0.37257502259223224,0.32640700364747277
16101,0.25560785258344354,-1.1421806022254783,0.7706951984823874
16102,-0.1475340129282601,0.37257502259223224,0.9469726587690543
16103,0.35182556963985595,0.7080332292303888,0.2236804683142749
16104,0.1484026056517662,-1.1421806022254783,-0.5519887810794407
16105,1.3561786223427335,-1.1421806022254783,-0.8536239374303263
16106,0.1975784585920764,-1.1421806022254783,-1.1809853095555576
16107,-0.4125347572453631,1.1139876296874291,0.13561115974374735
16108,0.40136073864378646,-1.1421806022254783,0.41023698200089254
16109,1.2342373637481967,-0.15732634212523552,-0.6745991373485547
16110,-0.09640706158582192,0.37257502259223224,0.7621742544563034
16112,0.8450260030809356,-0.15732634212523552,-1.23728031765723
16113,1.067351813449237,-1.1421806022254783,-1.168558610898712
16114,1.0054298168956088,-1.1421806022254783,-1.0076592141581522
16115,-1.0851524766045704,1.3539192402952056,0.9237864344187962
16116,1.203732221452046,-1.1421806022254783,-0.0705100869644524
16117,1.101882824572414,-1.1421806022254783,-0.7250273723826263
16119,-1.2088496996586264,-0.15732634212523552,-0.23435428354042745
16120,0.10972239650768487,0.37257502259223224,0.149700937101805
16121,0.082998830205763,-0.15732634212523552,0.428433378436808
16122,0.2778506796454355,0.7080332292303888,-0.28338126370993294
16123,0.012541544596951157,-1.1421806022254783,-0.5162447443031869
16124,1.591604512719283,-1.1421806022254783,-1.1462356243309422
16125,1.7383656183939098,-1.1421806022254783,-0.46082081208774006
16126,-0.4125347572453631,0.7080332292303888,1.845680006192951
16127,-0.20183315632561427,-1.1421806022254783,0.2381465767710932
16128,-0.7303298502853449,0.9413631875519174,1.0727682100200626
16131,0.012541544596951157,0.9413631875519174,1.1449916887627267
16133,-1.552045934706048,2.044437630410294,2.056139454275835
16134,-0.5998368088904396,-0.15732634212523552,0.14721814370168435
16135,1.4088136607077486,-1.1421806022254783,-0.3522828127441795
16136,0.12279741437841987,0.37257502259223224,0.07498269115088979
16139,-0.6956335185132512,0.37257502259223224,0.21208823202025115
16140,0.1975784585920764,-0.15732634212523552,0.022300838227822257
16141,0.42990254301507225,-1.1421806022254783,-0.10016320888136655
16142,1.360021435104089,-1.1421806022254783,-0.25184377864869995
16143,-1.6752065827819893,1.1139876296874291,1.129590372454043
16145,-1.1443312534040568,1.575895246520602,1.5536278792186513
16146,1.167792642233864,-0.15732634212523552,0.10615617530023161
16147,0.78773127048894,-1.1421806022254783,-0.5535398604816789
16149,-1.4485587856030968,-0.15732634212523552,-0.5275672764606255
16150,-0.13015925602825726,0.9413631875519174,1.0827596942626838
16152,1.430637910736771,-1.1421806022254783,0.30460603223019117
16153,-0.01725551879332896,0.9413631875519174,0.8928382086547264
16156,-1.1443312534040568,1.4411389437857045,1.4053953658536547
16157,-0.8047267163130117,0.37257502259223224,-0.22137087530590835
16159,1.4765255017988088,-1.1421806022254783,-0.2695333181884696
16160,0.1855267296633859,-1.1421806022254783,-0.8191677526453933
16161,-1.8284860004532224,1.8645334205085187,1.8612322795857894
16162,1.3676676422671787,-1.1421806022254783,-2.792478611375904
16163,1.732835425848913,-1.1421806022254783,-1.764505394229416
16164,-0.7666372915455425,0.37257502259223224,0.26514079651606853
16168,-1.0304416842462376,1.9423599510466845,1.0813620638829464
16169,-1.2088496996586264,0.7080332292303888,0.9927980526121472
16170,-0.002233519485077917,1.1139876296874291,0.9656775242696738
16171,0.10972239650768487,-1.1421806022254783,-1.4798996342318524
16172,0.4934051657049856,0.9413631875519174,0.6517226181937811
16173,-0.8047267163130117,1.1139876296874291,0.7408178050389516
16174,0.7339687427184912,-0.15732634212523552,-0.35405186998031213
16175,0.4845828164794833,0.7080332292303888,0.4807477828575966
16177,-0.01725551879332896,-1.1421806022254783,-0.7915426698167383
16178,0.8135898353975748,-1.1421806022254783,-0.9299032734218283
16179,0.13568899379554164,-1.1421806022254783,-0.7992701325407003
16180,0.5363636795631103,1.3539192402952056,1.1210802374538635
16181,0.2778506796454355,-1.1421806022254783,-0.8614545107216
16182,0.2667949163187858,-1.1421806022254783,-1.4840430569570016
16183,0.20947615164583766,-1.1421806022254783,-0.2914714216116303
16184,0.17331659078189585,1.1139876296874291,0.31602639686576967
16185,-0.7666372915455425,-0.15732634212523552,-0.02479128549534273
16186,-0.5702958889100813,1.6291803310375392,1.6536326082013248
16187,-0.34365422335675777,1.752642309092698,1.991859621984275
16188,-0.09640706158582192,0.7080332292303888,0.5041306769050693
16189,-0.8047267163130117,-0.15732634212523552,-1.0677453113234943
16190,-0.18335464868184115,-1.1421806022254783,-1.2818906343971375
16191,-1.6752065827819893,1.575895246520602,1.3896783511165043
16193,1.3090005290123605,-1.1421806022254783,-0.44036673233115986
16198,0.29958131850608055,-1.1421806022254783,-0.4246229476430084
16200,-1.552045934706048,-0.15732634212523552,0.4631609557224069
16201,-1.6752065827819893,0.7080332292303888,1.0358088612835075
16202,1.7216964569621855,-1.1421806022254783,-0.5393045084785002
16203,0.10972239650768487,0.7080332292303888,0.1562492879230763
16204,-0.5702958889100813,-1.1421806022254783,-0.14787337155988797
16205,-0.3659920991122902,0.7080332292303888,0.18401534172757894
16206,0.05546894815436756,0.7080332292303888,0.02359433017584769
16207,-0.5142648687645806,-1.1421806022254783,-0.3607075133772082
16208,-0.09640706158582192,-0.15732634212523552,0.07215924847347317
16209,0.43923231330448226,0.7080332292303888,0.33999850722963154
16210,-1.8284860004532224,1.7164188947372359,0.9992734330377213
16211,0.43923231330448226,-1.1421806022254783,-0.3140155662473619
16212,-0.6956335185132512,-0.15732634212523552,0.09884756907633732
16213,0.3416035021098939,-1.1421806022254783,-1.3892474347408423
16214,1.0054298168956088,0.37257502259223224,0.23469270762744351
16215,0.36193945002682054,-1.1421806022254783,-0.7593906676322985
16216,1.4234100154207303,-1.1421806022254783,0.17370191581684666
16217,1.3009390340426663,-0.15732634212523552,-0.41866016216081564
16218,-0.3889398912265015,0.9413631875519174,0.7201650419090405
16221,-0.24001712710008624,0.37257502259223224,0.2574073801956828
16222,1.5947288662343622,-1.1421806022254783,0.26440169752727016
16224,0.082998830205763,0.7080332292303888,0.6377615736090808
16225,-0.09640706158582192,0.9413631875519174,0.641581163544823
16226,1.1632155688917196,0.37257502259223224,-0.7835445999525973
16227,1.259725918569415,-1.1421806022254783,-0.3509711385216804
16229,0.42048198794590724,-0.15732634212523552,0.434910668813444
16230,1.101882824572414,-0.15732634212523552,0.04535641607184025
16232,-0.11312154370340959,0.7080332292303888,0.39437306158660573
16233,0.25560785258344354,-0.15732634212523552,-0.21402806405075983
16235,-0.16526055765926362,0.7080332292303888,0.16005888946507268
16236,0.33127071588747836,-1.1421806022254783,-0.12731552139814517
16239,0.082998830205763,-0.15732634212523552,-0.23601643022170077
16240,-0.5417973579979597,-0.15732634212523552,1.1741468204230514
16241,-1.0851524766045704,1.675591966784018,1.2694815490556708
16242,-1.2088496996586264,1.2473999658429542,1.5559857725635609
16243,-0.30067514330910233,-0.15732634212523552,-0.6059164159633982
16244,1.203732221452046,-0.15732634212523552,0.8993047093011134
16245,-0.5417973579979597,0.37257502259223224,0.7415865608750777
16247,1.0001031435847438,-1.1421806022254783,-1.677667618027121
16248,0.1484026056517662,-1.1421806022254783,-0.9153722139727498
16249,0.027078278817641344,0.9413631875519174,0.6607345378661876
16250,1.4014438771103972,-0.15732634212523552,-0.21368714596926874
16253,0.20947615164583766,-0.15732634212523552,1.2273700542681232
16255,-0.7666372915455425,1.3539192402952056,1.223341701267654
16256,1.4234100154207303,-1.1421806022254783,-0.8334595485859554
16258,-0.09640706158582192,0.9413631875519174,1.5562139487726703
16260,-0.002233519485077917,-1.1421806022254783,-0.10621331682139018
16261,-0.7666372915455425,0.7080332292303888,0.18624619288860053
16265,-1.1443312534040568,1.4411389437857045,1.7364958533949324
16266,0.2887784270770501,1.2473999658429542,0.17650452849027481
16268,0.25560785258344354,-0.15732634212523552,0.011523001833278769
16270,1.699096538324834,-1.1421806022254783,0.2739708345275927
16271,-0.8047267163130117,0.7080332292303888,0.7607061506151228
16272,0.6698788008538272,-1.1421806022254783,-0.1361820365379962
16274,1.7548021788970043,-1.1421806022254783,-0.7000584289413416
16275,1.1353398833556,-1.1421806022254783,-0.3312992130024464
16276,1.036840613608142,-1.1421806022254783,-0.8018185518568485
16278,0.5363636795631103,-1.1421806022254783,-0.6644804715520576
16279,-0.6305061529282221,0.37257502259223224,0.856143141004119
16281,0.2667949163187858,-1.1421806022254783,-1.0931847059004716
16282,1.6614150431277317,-1.1421806022254783,-1.0425580993745593
16283,-1.35900440190184,0.9413631875519174,0.8091416187523358
16284,-0.3659920991122902,-0.15732634212523552,0.36873479022259814
16287,1.0001031435847438,-1.1421806022254783,-1.069957554674592
16292,0.7059841640227111,-1.1421806022254783,-0.4355424064043824
16293,-0.5998368088904396,1.5140076112100918,1.0990099915132534
16295,-1.0851524766045704,0.7080332292303888,0.5531069935536493
16297,1.430637910736771,-1.1421806022254783,-0.4496752453575728
16298,-0.5702958889100813,0.37257502259223224,-0.18921744650800554
16302,0.7408460600978252,-1.1421806022254783,-0.5860776378662459
16303,-0.4876303449547161,0.37257502259223224,1.712143965174266
16305,0.8199541666040955,-1.1421806022254783,-0.24036269778104938
16306,1.2125350916901998,1.1139876296874291,0.14567808919940348
16309,0.5855581134555359,-0.15732634212523552,0.2509962560051359
16311,-0.7303298502853449,-0.15732634212523552,0.12296231482895226
16313,-1.6752065827819893,-0.15732634212523552,-0.6926470289070664
16315,1.6345957849655695,-1.1421806022254783,-0.9023963468576041
16316,0.17331659078189585,1.2473999658429542,1.0656508318873499
16317,0.6916965680237024,0.37257502259223224,0.6245256842745032
16318,-0.2799741544043472,-1.1421806022254783,-0.37519626878682777
16319,1.2299311606297079,-1.1421806022254783,-0.15045261199580395
16320,1.010729867139258,-0.15732634212523552,0.5145926603669227
16321,0.2667949163187858,0.9413631875519174,-0.27273287657018097
16322,-2.0344322917066844,-0.15732634212523552,-0.3697617419577612
16324,0.7476772277927837,0.37257502259223224,-0.17939375662950113
16325,-0.06389671920754665,0.37257502259223224,0.11135165301573006
16326,-1.35900440190184,1.7164188947372359,0.8257440083080207
16327,-0.8870901036233153,1.1139876296874291,1.542810503720541
16330,-0.7303298502853449,0.37257502259223224,-1.085868851372237
16332,-0.4368174524113916,1.2473999658429542,0.7579672023059691
16337,-0.24001712710008624,-1.1421806022254783,-1.0225949523337512
16338,0.9282944183154772,-1.1421806022254783,-0.7070690784173462
16339,1.483423166528643,-1.1421806022254783,-2.130976094190852
16340,0.5935248754373961,-1.1421806022254783,-0.013130324182516034
16341,-0.5142648687645806,0.7080332292303888,0.6126193014208696
16342,0.29958131850608055,0.7080332292303888,-0.7304455718586321
16343,-0.8047267163130117,-0.15732634212523552,-0.35968785991099084
16344,0.9339955408970261,-1.1421806022254783,-1.2342474697577248
16345,-0.11312154370340959,-1.1421806022254783,-0.11691424845363829
16347,-1.0304416842462376,-0.15732634212523552,0.2437041695975806
16348,-0.34365422335675777,1.2473999658429542,0.6931657501674541
16349,1.5072409723675033,-1.1421806022254783,-2.7509618231056807
16350,-0.6305061529282221,0.7080332292303888,0.5234321290976134
16351,1.6406092928822804,-1.1421806022254783,-0.9105193783419311
16352,-0.7303298502853449,-0.15732634212523552,0.010291489811828806
16353,-0.7303298502853449,1.785023119276935,1.4156538102019676
16354,0.16094347398622413,-0.15732634212523552,-0.23996662628464788
16356,1.1400359430544447,0.37257502259223224,-0.6617393621849323
16357,-0.32189228833536065,0.37257502259223224,0.07908049031020822
16358,-2.0344322917066844,0.7080332292303888,1.1627525524595403
16359,-1.2798718810873329,1.3539192402952056,-0.10265231502455656
16360,-1.4485587856030968,1.1139876296874291,1.4876986855384708
16361,-1.0851524766045704,0.7080332292303888,0.3095342193247968
16362,-0.34365422335675777,0.9413631875519174,0.2717159613197802
16363,0.027078278817641344,-1.1421806022254783,-1.4578948613144864
16364,-0.9795284129162457,-0.15732634212523552,-0.03221969156890194
16365,-0.7303298502853449,1.2473999658429542,0.09229629429216625
16366,-0.6956335185132512,-1.1421806022254783,-0.4368018202563114
16367,-0.24001712710008624,-0.15732634212523552,0.29099618217364037
16368,-1.8284860004532224,-0.15732634212523552,-0.08565827314159406
16369,-0.7303298502853449,0.37257502259223224,0.80613755447889
16370,0.3719475869257092,0.7080332292303888,0.5703488705536295
16372,-0.32189228833536065,-0.15732634212523552,-0.4318315093830623
16374,0.1975784585920764,-0.15732634212523552,-0.1540495080223437
16376,-1.1443312534040568,-0.15732634212523552,0.32833074352777597
16378,1.3484530871233855,0.37257502259223224,-0.236563928466162
16379,-1.552045934706048,0.7080332292303888,1.1541710917080965
16380,0.13568899379554164,-1.1421806022254783,-0.9685669736465758
16383,0.29958131850608055,-0.15732634212523552,0.06941668345972932
16384,0.44847316797844267,-0.15732634212523552,0.02278014607457947
16385,0.12279741437841987,0.37257502259223224,-0.0150679554694786
16386,-0.4125347572453631,-0.15732634212523552,-0.4207170390788195
16387,1.610225165315647,-1.1421806022254783,-1.2869702542580628
16389,0.027078278817641344,0.7080332292303888,0.40615338157590086
16392,1.4342345706416106,-1.1421806022254783,-0.6552204583760389
16393,-1.8284860004532224,1.675591966784018,1.4988071210724205
16394,0.082998830205763,0.9413631875519174,0.38468709811404334
16395,0.13568899379554164,0.9413631875519174,0.7796206881064583
16398,0.9110024672408381,-0.15732634212523552,0.5578934313812662
16399,-0.6956335185132512,-0.15732634212523552,-0.3204722847294969
16400,0.4934051657049856,-1.1421806022254783,-0.46768707663428266
16401,-2.0344322917066844,1.6291803310375392,1.3965154494357872
16402,1.416135483736628,-0.15732634212523552,-0.6507941487219047
16403,1.575854558163292,-1.1421806022254783,-0.7996211583231596
16404,0.24428607257948629,-1.1421806022254783,-0.39703793765615125
16405,1.5436929741743444,-0.15732634212523552,-1.4630351747607204
16406,-0.6956335185132512,-1.1421806022254783,-0.9043943837278591
16407,-0.9318853875046619,1.4411389437857045,1.009857367683693
16409,-0.25976293771736747,0.9413631875519174,1.0372928408005428
16411,-0.6956335185132512,-0.15732634212523552,-0.6807091279158425
16412,0.04138483603978646,-1.1421806022254783,-0.9210202345641534
16413,0.082998830205763,-1.1421806022254783,-0.5401630617626619
16414,-0.5998368088904396,-0.15732634212523552,-2.1040115707959988
16415,-0.11312154370340959,-1.1421806022254783,-0.7395984735216393
16416,-0.4618328162388857,0.37257502259223224,0.3486863102273083
16418,-0.09640706158582192,0.37257502259223224,0.03800401589929479
16419,0.6400324499796085,1.1139876296874291,0.07448778520780411
16422,-0.7666372915455425,2.0951988199478917,1.616810899106946
16423,-0.5142648687645806,-1.1421806022254783,-0.47440654177349867
16424,1.1067264535528785,-1.1421806022254783,-1.507658872966483
16425,1.5436929741743444,-1.1421806022254783,-0.8930717857778161
16426,-1.8284860004532224,1.5140076112100918,1.0091994161908673
16427,1.4088136607077486,-0.15732634212523552,-0.8514674830104196
16429,0.5855581134555359,-1.1421806022254783,-3.3551829119877357
16430,0.082998830205763,-1.1421806022254783,-0.7062870979857597
16431,1.2081425192857578,0.37257502259223224,0.12058226007330947
16432,0.17331659078189585,-1.1421806022254783,-1.1626594256389675
16433,-0.4368174524113916,-1.1421806022254783,-1.0985246941950144
16434,-0.4125347572453631,1.2473999658429542,0.7314761886147808
16438,-1.35900440190184,0.9413631875519174,0.34468948718799136
16440,-1.2088496996586264,0.9413631875519174,1.6206284330751126
16441,0.20947615164583766,-0.15732634212523552,-0.2458171544492503
16442,-1.8284860004532224,0.37257502259223224,0.02356241653659156
16444,-0.08000284691952356,0.7080332292303888,0.09896408518276288
16445,-0.30067514330910233,-1.1421806022254783,-0.6755766395466074
16446,1.1768893571618266,-1.1421806022254783,-3.657835834254798
16447,0.800741889307939,-1.1421806022254783,-1.104928907601064
16448,1.1400359430544447,-1.1421806022254783,-0.8640659377602212
16449,1.1400359430544447,-0.15732634212523552,0.17457958248598304
16450,0.8874922060612215,-1.1421806022254783,-0.3567888318085379
16451,0.42990254301507225,-1.1421806022254783,-0.4797338699570801
16454,-0.09640706158582192,-0.15732634212523552,-3.1503012845836045
16455,0.17331659078189585,1.2473999658429542,1.0826966249402477
16456,0.5279209325674449,0.9413631875519174,0.8605568662379861
16457,1.2299311606297079,-1.1421806022254783,-0.8728166291797919
16458,-1.6752065827819893,1.840535090348796,1.612415461265947
16460,-0.4368174524113916,0.37257502259223224,0.3237351430842664
16461,1.041986766820532,-1.1421806022254783,-1.4448432326504022
16463,-0.6305061529282221,0.7080332292303888,0.7924091840030105
16464,-0.6624013797032222,0.37257502259223224,0.6606454891672546
16466,-0.30067514330910233,1.2473999658429542,0.8419724104242773
16469,-0.5417973579979597,0.7080332292303888,0.09313271793853513
16470,0.012541544596951157,0.7080332292303888,0.26033683412825814
16471,1.4520481229697748,-1.1421806022254783,-0.6179105951168044
16473,0.973060085911785,0.37257502259223224,-0.4167177691844875
16474,-1.2798718810873329,1.1139876296874291,1.0368460171097318
16475,0.8512000847218852,0.37257502259223224,-0.12463593102850383
16477,0.17331659078189585,1.2473999658429542,1.3207622308544713
16478,-0.5142648687645806,-0.15732634212523552,-0.527504630454793
16479,-1.0851524766045704,-0.15732634212523552,-0.5139313328711169
16480,0.3102623955010061,-1.1421806022254783,-0.12679806154309067
16482,-0.8047267163130117,-1.1421806022254783,-0.8454972523681795
16483,1.1115483898802259,-1.1421806022254783,-1.276204808000581
16484,1.021251236962237,-0.15732634212523552,-0.2067716958944568
16485,0.32082458720812473,-1.1421806022254783,-0.44397561411571446
16488,-0.32189228833536065,0.37257502259223224,-0.41360867296443665
16491,-0.06389671920754665,-1.1421806022254783,0.1894637642501801
16493,0.35182556963985595,0.7080332292303888,0.5824019628823736
16494,1.5272677361536333,-1.1421806022254783,0.3175380743079913
16495,-1.6752065827819893,-0.15732634212523552,-0.07081426685798597
16496,-1.1443312534040568,0.37257502259223224,0.7693462313015842
16497,-0.01725551879332896,1.1139876296874291,1.266610130042187
16498,0.9509154244814819,-0.15732634212523552,-1.297884260448854
16499,1.7188951467697062,-0.15732634212523552,-0.4021214036185339
16500,-1.4485587856030968,0.9413631875519174,-0.5772366164445676
16503,0.5935248754373961,0.7080332292303888,0.676094385949204
16504,-0.5142648687645806,-1.1421806022254783,-0.029747446435730636
16506,-0.6624013797032222,-0.15732634212523552,-1.3205124883635997
16509,1.5272677361536333,-1.1421806022254783,-0.835522170916026
16510,1.7520786082162478,-1.1421806022254783,-0.7950261056978539
16511,-0.5998368088904396,0.37257502259223224,0.2894701250624615
16513,-1.4485587856030968,0.7080332292303888,0.4710334024289507
16515,0.012541544596951157,0.9413631875519174,0.8387407641187609
16516,-0.3889398912265015,-1.1421806022254783,-1.2297198565228018
16517,1.4590957515606013,-1.1421806022254783,-0.9062470178958287
16518,0.13568899379554164,-0.15732634212523552,-0.20831517675325098
16519,-0.5142648687645806,-0.15732634212523552,-1.4678022604706116
16520,1.082287095056689,0.37257502259223224,0.5057837765695578
16523,-1.8284860004532224,1.8645334205085187,1.8793059329099464
16525,-1.8284860004532224,1.9869809403539003,1.7413823754812345
16526,1.010729867139258,-1.1421806022254783,-0.5712635792232413
16527,0.36193945002682054,-1.1421806022254783,-0.6325427069828867
16528,-1.552045934706048,-1.1421806022254783,-0.8105797583165546
16529,1.101882824572414,-1.1421806022254783,-0.1759892211740933
16531,-0.5998368088904396,1.2473999658429542,0.6204017730544059
16533,-0.6956335185132512,0.37257502259223224,0.4916044509005886
16535,-1.4485587856030968,-1.1421806022254783,-0.190396795154644
16536,0.6170495150333525,-1.1421806022254783,-0.24965927548560643
16539,-1.6752065827819893,0.7080332292303888,0.8401692491827039
16542,0.04138483603978646,-1.1421806022254783,-1.1051861515577754
16545,0.973060085911785,-1.1421806022254783,-1.2297198565228018
16546,1.5072409723675033,-0.15732634212523552,0.11736967064693912
16549,-1.0851524766045704,1.5140076112100918,1.6826624583605483
16550,0.6092695128371648,0.9413631875519174,1.1235614912875314
16551,0.502148666903663,0.37257502259223224,-0.10821499569147641
16552,1.3328395542355918,-0.15732634212523552,-0.7498873841118068
16553,1.1723505139298287,1.1139876296874291,0.5614841886273664
16554,-0.1475340129282601,0.37257502259223224,0.3383853114047841
16555,-0.2799741544043472,-0.15732634212523552,-0.4726189947761935
16556,0.20947615164583766,1.2473999658429542,1.2737742929823883
16557,-0.5417973579979597,-0.15732634212523552,-0.8146833777702437
16558,-2.0344322917066844,1.8864734417209479,2.1394012001620686
16560,-0.4618328162388857,-0.15732634212523552,0.2337156162349092
16561,-1.35900440190184,-0.15732634212523552,0.00977240714565395
16563,0.04138483603978646,-1.1421806022254783,-0.32546462120029457
16565,1.7300605566948648,-1.1421806022254783,-2.0148958715317056
16566,-0.8447985484134556,0.9413631875519174,-0.42187116765851035
16567,1.1211280166950106,-0.15732634212523552,0.1122979966851893
16569,-1.6752065827819893,-1.1421806022254783,-1.4465247801048469
16570,-0.8447985484134556,1.4411389437857045,1.2218505557015225
16571,-0.4618328162388857,0.37257502259223224,0.7626279932426446
16572,0.7408460600978252,0.37257502259223224,0.45312457492309577
16573,0.40136073864378646,-0.15732634212523552,0.059882721797144364
16574,0.25560785258344354,-1.1421806022254783,-0.14115828265870237
16581,1.067351813449237,-1.1421806022254783,-1.1991649972195353
16582,0.6400324499796085,-1.1421806022254783,-1.764505394229416
16583,1.7575194808117025,-1.1421806022254783,-0.5853035425158799
16584,0.35182556963985595,-0.15732634212523552,0.2613668874824528
16586,1.3561786223427335,-1.1421806022254783,-0.23875759551023407
16587,1.2887356965125554,-1.1421806022254783,-1.0539356428266398
16589,0.25560785258344354,0.37257502259223224,-0.04886494000858337
16591,0.23282602191229546,-1.1421806022254783,-0.6553671980506152
16592,-1.552045934706048,1.785023119276935,1.6399168956639083
16593,-0.002233519485077917,-0.15732634212523552,-1.2090730349587548
16594,0.29958131850608055,-1.1421806022254783,-1.080987108006047
16595,0.13568899379554164,-1.1421806022254783,-0.283891810559276
16596,-0.8047267163130117,-0.15732634212523552,-0.7308886656869832
16597,-1.552045934706048,-1.1421806022254783,-1.8568813457954905
16598,1.490279240748105,-1.1421806022254783,-0.9564125730410129
16600,-1.552045934706048,1.1139876296874291,0.24042073325432403
16601,-0.16526055765926362,-1.1421806022254783,-0.8658751786322241
16602,-0.25976293771736747,-1.1421806022254783,0.014771181970611821
16603,0.29958131850608055,-0.15732634212523552,-0.03722094096336789
16607,-0.7303298502853449,1.6291803310375392,1.2944534761725077
16609,-0.8447985484134556,1.2473999658429542,1.8887192449491514
16610,1.2342373637481967,-1.1421806022254783,-1.454886765854762
16611,1.082287095056689,-1.1421806022254783,-1.0441054670984962
16612,-0.32189228833536065,0.7080332292303888,0.6097777703747767
16613,0.24428607257948629,-1.1421806022254783,0.14790474344346044
16614,1.067351813449237,-1.1421806022254783,-0.3725003494939153
16616,-0.8447985484134556,-0.15732634212523552,-0.11926489613124097
16617,1.3049771101638454,-1.1421806022254783,-1.4211916008674792
16618,-0.3659920991122902,0.7080332292303888,0.9460947535105114
16619,1.4124805251279904,-1.1421806022254783,-0.6100334553975062
16620,-1.552045934706048,-0.15732634212523552,-0.9568930801518403
16621,0.012541544596951157,0.7080332292303888,-0.4345362790261623
16623,1.3445701647258579,-1.1421806022254783,-1.044343790519778
16624,0.36193945002682054,-0.15732634212523552,-0.08401987910421377
16625,1.4520481229697748,-1.1421806022254783,-0.38583334090560445
16626,-2.0344322917066844,1.785023119276935,1.2811396650391278
16627,0.3416035021098939,-1.1421806022254783,-0.8688837363347192
16628,-0.3889398912265015,0.9413631875519174,1.1359028462604608
16629,0.2887784270770501,-0.15732634212523552,-0.2930193019489461
16633,-0.7666372915455425,1.1139876296874291,1.2529779421961051
16634,1.251295223036122,-0.15732634212523552,-0.8218704511520726
16637,-0.34365422335675777,0.7080332292303888,0.5138149659155562
16638,-0.5702958889100813,1.5140076112100918,0.6770191930536295
16639,-0.3659920991122902,0.37257502259223224,0.5587820908414862
16641,0.5855581134555359,-1.1421806022254783,-1.0813615657432112
16642,-1.4485587856030968,-0.15732634212523552,-0.10382517979658361
16643,1.3445701647258579,-1.1421806022254783,-0.1565688132885959
16644,1.041986766820532,-0.15732634212523552,0.41253585494637923
16647,1.0001031435847438,-0.15732634212523552,-0.9705745843261195
16648,-0.13015925602825726,-1.1421806022254783,-0.47887796358079626
16650,0.2667949163187858,-1.1421806022254783,-0.10075693672202717
16652,0.10972239650768487,0.9413631875519174,1.4556395880748725
16653,-0.8047267163130117,-0.15732634212523552,0.6149263679795249
16654,0.8325661695854,0.7080332292303888,-0.19613147966752237
16655,-0.7303298502853449,1.1139876296874291,1.4099301994174533
16656,-0.5998368088904396,1.6291803310375392,0.8111115083327782
16657,-1.0851524766045704,0.7080332292303888,0.4143006828299548
16658,1.741121007666964,-1.1421806022254783,-1.3109496132831788
16659,1.0970172910050466,-1.1421806022254783,-2.4185500672871774
16660,-0.8047267163130117,-0.15732634212523552,-0.6834776010708115
16665,1.724491105975501,-1.1421806022254783,-1.9452563784540533
16666,-0.6956335185132512,-1.1421806022254783,-1.1093134089219958
16667,0.22122399996171724,-0.15732634212523552,-0.025349905689466642
16668,-0.8447985484134556,1.1139876296874291,-0.42385349442478715
16669,-0.5417973579979597,0.37257502259223224,0.6818234374955978
16670,-0.7666372915455425,1.575895246520602,1.6132458605537654
16671,-0.25976293771736747,-1.1421806022254783,-1.396183459532202
16672,-1.8284860004532224,1.8141609571842097,1.7337107565123664
16674,0.05546894815436756,-0.15732634212523552,-0.36369734944800347
16676,-0.30067514330910233,0.7080332292303888,0.6300467797318168
16678,-1.6752065827819893,1.6291803310375392,1.3588324607504325
16679,1.7356037687254329,-1.1421806022254783,-1.1222194505000898
16680,-0.13015925602825726,-1.1421806022254783,-0.9319712709517173
16681,0.33127071588747836,0.9413631875519174,0.529476155038539
16682,-1.4485587856030968,0.9413631875519174,-0.23553493487772809
16684,-1.552045934706048,1.3539192402952056,0.8310225090522545
16685,0.13568899379554164,-1.1421806022254783,-0.6044683364237179
16686,-0.06389671920754665,1.2473999658429542,1.2949841354979792
16688,-2.0344322917066844,0.7080332292303888,0.580999635281622
16689,0.3102623955010061,-0.15732634212523552,-0.4048905156323123
16690,0.2667949163187858,-0.15732634212523552,-0.897869302155467
16693,0.23282602191229546,-0.15732634212523552,-0.22988763890173503
16696,0.7942571917855862,0.7080332292303888,-0.04355019379882678
16697,1.324949900362801,-1.1421806022254783,-1.753436458010176
16700,-1.1443312534040568,1.675591966784018,1.8872267289718132
16701,-1.1443312534040568,1.6291803310375392,1.1609338394148205
16705,-2.0344322917066844,1.8864734417209479,2.1632375327236426
16706,-0.24001712710008624,0.37257502259223224,-0.1629712480913488
16708,-0.08000284691952356,-1.1421806022254783,0.12598416091642178
16709,0.40136073864378646,0.9413631875519174,1.0007779349438852
16710,-0.6956335185132512,1.5140076112100918,1.2067084977217115
16711,-1.6752065827819893,0.37257502259223224,-0.46203339202772387
16712,-0.7303298502853449,1.5140076112100918,1.3564453344444927
16713,-0.6956335185132512,1.752642309092698,1.8729098343117307
16714,1.591604512719283,-1.1421806022254783,0.43712325346482794
16715,0.33127071588747836,-1.1421806022254783,-1.247218047143305
16716,1.4234100154207303,-1.1421806022254783,-0.8480105258505642
16717,-0.5417973579979597,1.1139876296874291,1.5587044028275432
16718,1.743869969103029,-1.1421806022254783,0.020268674530641143
16719,-0.8447985484134556,1.2473999658429542,0.7852011273042756
16720,-0.4876303449547161,-1.1421806022254783,-1.1250501798729993
16721,1.405134806374551,-1.1421806022254783,-0.40772313555978573
16722,-0.7666372915455425,1.675591966784018,1.5629232942775526
16723,0.6014283161148343,-1.1421806022254783,-0.5409906779348967
16725,1.5436929741743444,1.2473999658429542,0.16943332035390254
16726,-0.4876303449547161,0.9413631875519174,0.6984892326412924
16727,1.7300605566948648,-1.1421806022254783,-0.46264036187222085
16728,-0.08000284691952356,0.7080332292303888,0.44319703239859415
16729,-0.2207141713346106,1.9066176529747072,2.1306302356736344
16730,0.012541544596951157,0.37257502259223224,0.20245472081501395
16732,-0.34365422335675777,-1.1421806022254783,0.08153836584471065
16734,0.012541544596951157,0.37257502259223224,-0.03732402584556506
16735,0.3416035021098939,0.9413631875519174,1.1523132088405303
16738,1.5305716852100901,-1.1421806022254783,-3.516961482085754
16739,1.036840613608142,-1.1421806022254783,-0.5676678951858133
16743,-0.4125347572453631,1.2473999658429542,1.1910313302457656
16744,-1.0304416842462376,1.2473999658429542,0.61771149464544
16745,0.42048198794590724,1.8141609571842097,1.8192753799612142
16746,-1.4485587856030968,1.840535090348796,1.9687182834595698
16747,-0.2207141713346106,-0.15732634212523552,0.15329530480066753
16748,-0.7303298502853449,0.9413631875519174,0.9218448062620856
16750,-0.09640706158582192,0.9413631875519174,-0.13148626294185659
16751,-0.3659920991122902,-1.1421806022254783,-0.6461743182400241
16752,1.7548021788970043,-1.1421806022254783,-1.4347311564106349
16753,0.09645820643169936,-1.1421806022254783,-0.7107152922254859
16755,0.647577642958288,0.37257502259223224,0.7143092436693922
16756,1.2169100918545441,-1.1421806022254783,-0.653901000739162
16757,1.5978447903130049,-1.1421806022254783,-1.1920295878634906
16758,0.1855267296633859,-1.1421806022254783,-0.6763293714435837
16759,-1.2088496996586264,0.37257502259223224,0.22179940719133456
16761,0.5108148268330728,-1.1421806022254783,-0.7226708206569403
16762,-0.6624013797032222,0.37257502259223224,0.8588926878733206
16763,1.1447117092217385,-1.1421806022254783,-0.42140382295080864
16764,-1.552045934706048,1.675591966784018,1.353021245071818
16766,1.4449563433597266,-0.15732634212523552,0.5712491899216313
16767,-0.3659920991122902,1.5140076112100918,1.7146257025977165
16768,-0.04807721782285418,0.37257502259223224,-0.6188217605317402
16769,1.3977407869671015,-1.1421806022254783,-0.6715239840964492
16770,0.09645820643169936,0.9413631875519174,0.28574729308118385
16771,-0.32189228833536065,0.9413631875519174,1.0746440351887054
16773,0.082998830205763,-1.1421806022254783,-1.1915991947466593
16774,0.22122399996171724,0.7080332292303888,0.15246301995598643
16775,-1.0851524766045704,1.575895246520602,0.7794789307889939
16776,0.12279741437841987,-1.1421806022254783,-0.21413463009283795
16777,0.35182556963985595,-0.15732634212523552,-0.9946759106680559
16778,0.2887784270770501,-0.15732634212523552,-0.6006194275041055
16779,-1.8284860004532224,1.9251850708526475,2.2882020129732856
16780,0.5363636795631103,-0.15732634212523552,-0.17988419636076114
16781,1.7520786082162478,-1.1421806022254783,-0.6433499941195928
16782,-1.0851524766045704,1.675591966784018,1.0631559842749578
16784,-0.6624013797032222,-1.1421806022254783,-1.18652385961631
16788,0.7130530259563577,-0.15732634212523552,0.13718396101990263
16789,-1.2088496996586264,-1.1421806022254783,-1.4050576392983325
16790,-1.552045934706048,1.1139876296874291,0.9050615086808719
16791,-0.4125347572453631,1.2473999658429542,0.8739495930260347
16792,1.4765255017988088,-1.1421806022254783,-1.3429392527243833
16793,0.082998830205763,-1.1421806022254783,-0.607851233761123
16794,-2.0344322917066844,1.5140076112100918,0.6896600873317261
16795,1.732835425848913,-1.1421806022254783,-0.17491169151164596
16796,0.43923231330448226,-1.1421806022254783,-0.3729404186352588
16800,-1.0304416842462376,-1.1421806022254783,0.45433115150989506
16801,0.9620459415531177,0.7080332292303888,0.502931252704618
16803,0.1855267296633859,-1.1421806022254783,-0.3066303113536335
16804,-0.5702958889100813,0.37257502259223224,-0.0725520390730539
16805,1.021251236962237,-0.15732634212523552,-0.23141009278533534
16806,0.5612666858082994,0.7080332292303888,0.21535903461611364
16807,0.8450260030809356,0.37257502259223224,0.5251696828276025
16808,0.5279209325674449,-0.15732634212523552,-0.6213503647193048
16809,-0.5702958889100813,0.9413631875519174,0.47844505794313863
16810,1.1115483898802259,-1.1421806022254783,-0.41540722655390583
16811,-1.4485587856030968,-0.15732634212523552,-0.04021566018089098
16812,1.7216964569621855,-1.1421806022254783,-0.6904215071914881
16813,-1.2088496996586264,1.5140076112100918,0.8716358601653929
16814,-0.8870901036233153,1.9066176529747072,1.9177170268110493
16816,0.5612666858082994,0.7080332292303888,-0.15686688102754862
16817,-1.6752065827819893,1.4411389437857045,0.7713526074968707
16818,-1.0304416842462376,1.575895246520602,1.5152913927640772
16820,0.502148666903663,-1.1421806022254783,-0.12800597603885083
16823,1.2680925591763403,-1.1421806022254783,-0.4717705562702426
16824,-0.8047267163130117,-0.15732634212523552,-0.15373266379291806
16825,-0.20183315632561427,-0.15732634212523552,0.05301345945775336
16826,-0.002233519485077917,-1.1421806022254783,-0.4436930921241958
16828,0.6324299997255387,-1.1421806022254783,-1.145558613971375
16829,0.9282944183154772,-1.1421806022254783,-0.7830285451607601
16830,-0.20183315632561427,-1.1421806022254783,-0.32202758840519724
16832,1.2256079781275764,-1.1421806022254783,-1.949960579822518
16833,-2.0344322917066844,0.7080332292303888,0.5976827144557799
16834,1.2722521855924698,-1.1421806022254783,-0.13277830014458683
16835,0.7476772277927837,-0.15732634212523552,-1.0225949523337512
16836,-0.18335464868184115,-0.15732634212523552,-0.8082252028177823
16837,-0.3659920991122902,1.4411389437857045,1.1853150533424328
16838,1.1353398833556,-0.15732634212523552,-0.2566344184989223
16839,-1.1443312534040568,2.0235173275649565,1.6738262779473865
16841,-0.24001712710008624,1.1139876296874291,1.0130270394125365
16842,0.5447346908317658,0.37257502259223224,0.5258671814337527
16843,-0.13015925602825726,1.785023119276935,2.2213502469407045
16846,-0.01725551879332896,-1.1421806022254783,-0.7150494335267621
16847,-0.13015925602825726,-1.1421806022254783,-0.8020826435131144
16848,0.027078278817641344,-1.1421806022254783,-0.43814735036830127
16849,1.0872196463115573,-1.1421806022254783,-1.3686187099017266
16850,1.6436044177617508,-1.1421806022254783,-0.3432699612028417
16851,-1.552045934706048,0.37257502259223224,-0.3308810686790978
16852,-1.0851524766045704,-0.15732634212523552,-1.5033893570714278
16855,-0.5417973579979597,-0.15732634212523552,-0.42595120894331717
16856,-0.8447985484134556,-1.1421806022254783,-2.0210787976978266
16858,1.743869969103029,-1.1421806022254783,-0.33643277659178794
16859,0.8573375787693495,-0.15732634212523552,0.14905694971040728
16861,0.12279741437841987,-0.15732634212523552,-1.1503098471453004
16863,-0.3659920991122902,-0.15732634212523552,-0.08512998921694966
16866,0.8325661695854,0.37257502259223224,-1.1819765659913637
16869,-0.5702958889100813,0.7080332292303888,0.2892733835109768
16871,-0.5998368088904396,1.1139876296874291,1.2558108213009498
16873,-1.4485587856030968,1.1139876296874291,1.9582826080380462
16875,0.20947615164583766,0.9413631875519174,0.9887873452033492
16877,-0.9795284129162457,1.1139876296874291,0.377878845486861
16878,0.39165598958417785,-1.1421806022254783,-2.716742271958771
16880,-0.3659920991122902,1.2473999658429542,0.4197312150622203
16882,0.20947615164583766,0.37257502259223224,0.06522498900493652
16883,1.0872196463115573,-0.15732634212523552,-0.6570933911249163
16884,-0.2207141713346106,-0.15732634212523552,-0.15925533375026102
16885,-0.8447985484134556,0.37257502259223224,-0.29217463966297647
16887,-0.2799741544043472,-1.1421806022254783,-0.832635981987511
16889,1.1258861156196038,0.37257502259223224,0.7785633779911981
16891,-1.8284860004532224,0.9413631875519174,0.23500167416494325
16892,-2.0344322917066844,0.9413631875519174,-0.20986157465589395
16893,1.7383656183939098,-1.1421806022254783,-1.0649886202263714
16895,0.1855267296633859,-1.1421806022254783,-0.7384181484921245
16897,1.5338661248881842,-0.15732634212523552,-0.9088579882791614
16898,-0.4876303449547161,0.37257502259223224,-0.06633454139493623
16899,-1.2088496996586264,1.1139876296874291,0.4107672844670404
16900,-0.7666372915455425,0.37257502259223224,0.3504087396207455
16902,0.6624999285363061,-1.1421806022254783,0.6542539205712049
16903,-0.4125347572453631,-1.1421806022254783,-0.2958647303338477
16904,-1.552045934706048,1.7164188947372359,1.405676407405418
16905,-1.4485587856030968,1.2473999658429542,1.1857502940916937
16906,0.3719475869257092,0.7080332292303888,-0.27856998983728753
16907,-0.4125347572453631,0.9413631875519174,0.3656467285099192
16909,0.2667949163187858,-1.1421806022254783,-0.6545604598669571
16910,-1.552045934706048,1.3539192402952056,0.6856788608919182
16912,-0.4125347572453631,1.575895246520602,1.0218706665140789
16913,1.5038687590342887,-1.1421806022254783,-1.7163772202756127
16914,-0.25976293771736747,-1.1421806022254783,-1.049365115243565
16915,-1.1443312534040568,0.9413631875519174,-0.3729145256288805
16916,-0.5417973579979597,-0.15732634212523552,0.03833323008664893
16917,1.4590957515606013,-1.1421806022254783,-1.090654393941455
16918,-0.01725551879332896,1.1139876296874291,0.5153696325182471
16919,0.9225621135173867,1.575895246520602,0.964891244158795
16921,0.13568899379554164,-1.1421806022254783,-0.8729127949171497
16923,-0.9795284129162457,1.8141609571842097,1.9859098353153886
16924,-0.6305061529282221,0.37257502259223224,0.2883005643709044
16926,1.7493487374428618,-1.1421806022254783,-2.062521937367
16927,1.4555774190098685,-0.15732634212523552,-0.984660339597462
16928,0.35182556963985595,1.8141609571842097,1.1088440376625979
16929,-1.552045934706048,1.2473999658429542,0.7375664467714897
16930,-0.4876303449547161,0.37257502259223224,-0.4040561013149411
16931,-1.4485587856030968,1.9066176529747072,1.7768503521337151
16932,0.027078278817641344,-1.1421806022254783,-0.9543337070997353
16933,-2.0344322917066844,-0.15732634212523552,-0.06094139245340232
16934,0.05546894815436756,-0.15732634212523552,0.3846251733224694
16936,-0.4876303449547161,-1.1421806022254783,-0.5413092171995496
16938,-1.1443312534040568,0.7080332292303888,1.0345082499437188
16940,0.012541544596951157,0.37257502259223224,1.4558551627654455
16942,-0.9318853875046619,1.4411389437857045,0.923960256730316
16943,1.203732221452046,0.37257502259223224,-0.09927342143164726
16945,-0.5998368088904396,1.8645334205085187,1.758840139877413
16947,1.3049771101638454,-1.1421806022254783,-0.289669263835303
16948,0.8199541666040955,0.37257502259223224,-0.6575715014975649
16949,-1.552045934706048,1.1139876296874291,0.2605764955022482
16950,0.082998830205763,0.37257502259223224,0.3367471181648821
16951,0.7942571917855862,0.37257502259223224,0.6766624982443827
16952,0.6092695128371648,-0.15732634212523552,-1.229268514944665
16953,-0.3889398912265015,-1.1421806022254783,-2.4047802020754347
16954,-2.0344322917066844,1.2473999658429542,0.60181606432452
16955,1.077331758821227,0.7080332292303888,-0.21298445078123765
16956,-0.7303298502853449,-1.1421806022254783,-0.614101854884524
16957,1.3170038513377686,-0.15732634212523552,-0.20668720567849563
16959,0.42048198794590724,-1.1421806022254783,-1.1199227855536955
16960,-0.20183315632561427,0.37257502259223224,0.0007663531667263706
16961,0.6624999285363061,-1.1421806022254783,-0.5828850668526356
16963,1.0872196463115573,-1.1421806022254783,-1.1657770630691286
16965,1.2680925591763403,-1.1421806022254783,-1.1195952314283708
16966,-0.09640706158582192,-0.15732634212523552,-1.1284869068578955
16967,1.0970172910050466,-1.1421806022254783,-0.37428799113985095
16968,-1.552045934706048,-0.15732634212523552,-0.21969528173015118
16969,-0.20183315632561427,0.37257502259223224,0.05412131310453155
16971,-0.2207141713346106,-1.1421806022254783,-1.127427869062746
16978,0.33127071588747836,-1.1421806022254783,-0.40244353380178055
16979,-1.552045934706048,1.1139876296874291,0.6855491902816977
16980,1.3790398480052746,-0.15732634212523552,0.38733523254491803
16982,0.13568899379554164,-1.1421806022254783,-0.19157784513661485
16983,-0.9318853875046619,1.2473999658429542,0.9349362802903098
16984,0.42990254301507225,-0.15732634212523552,1.4778261454978994
16985,-0.7666372915455425,1.4411389437857045,1.7059323442676833
16986,-0.3889398912265015,-1.1421806022254783,-2.4047802020754347
16987,-1.6752065827819893,1.1139876296874291,0.4756826399457833
16988,-1.4485587856030968,-1.1421806022254783,-1.5369907529479407
16989,-1.2798718810873329,0.37257502259223224,-1.1657770630691286
16992,-1.0304416842462376,0.9413631875519174,0.7966377098908943
16996,-0.3889398912265015,1.1139876296874291,0.8172957166056115
16997,1.4970942624576842,-0.15732634212523552,-1.1222194505000898
16998,0.8874922060612215,0.37257502259223224,-1.2023570123282052
16999,-0.5702958889100813,-0.15732634212523552,-0.4146437178344312
17001,-2.0344322917066844,1.575895246520602,1.57464339185511
17002,0.4109687178442798,0.37257502259223224,0.399883834837487
17004,-0.08000284691952356,-0.15732634212523552,0.2496255154840866
17006,-1.4485587856030968,0.7080332292303888,0.29485659416073656
17007,-0.002233519485077917,1.1139876296874291,0.2620010518423335
17010,-0.7303298502853449,-1.1421806022254783,-0.8243106849462404
17011,-0.3889398912265015,-1.1421806022254783,-0.4682109459413215
17014,-1.2088496996586264,0.37257502259223224,-0.0004156434213296295
17015,-0.4125347572453631,0.37257502259223224,1.0395471403906582
17017,-1.6752065827819893,1.8645334205085187,1.9592120308414027
17018,-0.16526055765926362,-0.15732634212523552,0.3445811981101867
17019,-1.0304416842462376,0.7080332292303888,0.6801138933262773
17022,-0.3659920991122902,-1.1421806022254783,-1.502963679262957
17024,-0.09640706158582192,0.37257502259223224,-1.2750087878374006
17025,0.13568899379554164,0.37257502259223224,-0.5752739246729052
17026,1.7466125350090018,-1.1421806022254783,-2.4185500672871774
17027,0.3416035021098939,1.1139876296874291,0.4294414395021837
17030,0.17331659078189585,-1.1421806022254783,-1.1291495226741122
17031,-0.9795284129162457,-0.15732634212523552,-0.3416237974950086
17033,0.4109687178442798,0.37257502259223224,0.18935932417085474
17034,-0.8047267163130117,0.37257502259223224,0.14554044480497524
17035,1.3445701647258579,-0.15732634212523552,-0.27209196124744917
17037,0.42990254301507225,-1.1421806022254783,0.7173532378545
17038,-0.3889398912265015,-1.1421806022254783,-1.3380056501731012
17040,0.8135898353975748,-1.1421806022254783,-0.881420895826127
17041,-0.4618328162388857,0.37257502259223224,0.5509022723749887
17042,-1.6752065827819893,0.9413631875519174,0.5532925671692681
17043,-0.34365422335675777,0.7080332292303888,0.6910426340182583
17045,0.6400324499796085,-0.15732634212523552,-0.6674171073238864
17046,0.9282944183154772,-1.1421806022254783,-0.5358793681160793
17047,0.40136073864378646,0.37257502259223224,0.4787309406962718
17048,0.6772039767947878,0.37257502259223224,0.36991219137401143
17049,-1.6752065827819893,1.4411389437857045,1.794864758721879
17050,0.502148666903663,1.1139876296874291,1.3915073246229137
17051,1.1211280166950106,-1.1421806022254783,-0.5728189563022151
17052,-0.4368174524113916,-1.1421806022254783,-0.2326519026264335
17053,0.7679003989392914,-1.1421806022254783,-0.2146676686260949
17054,-0.4368174524113916,0.9413631875519174,0.3937607670379118
17058,0.3719475869257092,0.37257502259223224,0.551654726151542
17059,-0.3889398912265015,0.9413631875519174,1.3584736731208924
17060,1.4197786197316518,-1.1421806022254783,-1.7600589266436932
17061,0.2887784270770501,1.2473999658429542,0.9933887692736717
17062,1.5821803791212803,0.7080332292303888,0.01617314932686268
17063,-0.6305061529282221,1.2473999658429542,0.7804063646805711
17064,0.10972239650768487,0.37257502259223224,0.27303893300352067
17068,-0.9795284129162457,1.9066176529747072,1.7817073542957393
17069,-0.4368174524113916,1.4411389437857045,1.3112425621367263
17070,0.647577642958288,-1.1421806022254783,-0.4083449337810531
17071,-0.4368174524113916,1.4411389437857045,1.0803959070060176
17073,-0.7303298502853449,0.7080332292303888,0.6896385790198306
17075,-0.7303298502853449,0.7080332292303888,0.1981383834752548
17076,-0.25976293771736747,0.37257502259223224,-0.18558663290406271
17078,-0.25976293771736747,-0.15732634212523552,-0.4937028255998485
17079,0.33127071588747836,-1.1421806022254783,-1.1104780690112064
17080,-0.5998368088904396,-1.1421806022254783,-1.068850664879443
17081,-0.5142648687645806,-0.15732634212523552,-0.6617763421909046
17082,-0.32189228833536065,-0.15732634212523552,0.8610133564149407
17083,0.6092695128371648,0.37257502259223224,0.7424219555621605
17084,-0.2799741544043472,-0.15732634212523552,1.2641042784198397
17085,0.7130530259563577,0.9413631875519174,0.8389930253014977
17086,-1.2798718810873329,1.1139876296874291,0.8002543509001678
17088,-0.4368174524113916,0.7080332292303888,0.992692881959549
17090,-1.552045934706048,0.9413631875519174,0.8656462200853399
17091,-1.6752065827819893,1.4411389437857045,1.600693000175621
17092,-0.01725551879332896,0.7080332292303888,0.9859448011610631
17094,1.6071424735363034,-1.1421806022254783,-0.5180383215458948
17095,-0.5702958889100813,0.37257502259223224,0.7191480593375541
17096,-0.8447985484134556,0.7080332292303888,0.3694813715551657
17097,-1.8284860004532224,1.3539192402952056,0.3982811319095169
17100,-0.7303298502853449,-0.15732634212523552,0.5369918217359809
17101,-0.3889398912265015,0.37257502259223224,0.6334264163323484
17105,0.9396658454083229,-0.15732634212523552,0.11169590339329015
17107,-0.32189228833536065,1.1139876296874291,2.307013388979724
17109,-0.4125347572453631,1.1139876296874291,0.41534585254673334
17110,0.973060085911785,-1.1421806022254783,-1.4504955957925332
17111,-0.06389671920754665,-1.1421806022254783,-0.7049594707558848
17114,-1.35900440190184,1.3539192402952056,-0.07916037096783754
17115,-1.2088496996586264,0.37257502259223224,0.11558741794368614
17117,1.4970942624576842,-1.1421806022254783,-1.4783514647117766
17118,1.5947288662343622,-1.1421806022254783,-0.8949478024906254
17119,-1.6752065827819893,-0.15732634212523552,-0.017161038560854262
17120,1.2928184451927718,-1.1421806022254783,-0.6213855400119112
17122,0.6844762934514682,-1.1421806022254783,-0.9931655419929115
17123,0.9564953954736334,-1.1421806022254783,-0.4894479705246674
17124,1.077331758821227,-1.1421806022254783,-0.4793795922887069
17125,-0.01725551879332896,-1.1421806022254783,-0.8100905089037106
17126,0.8993135527648733,0.9413631875519174,0.5232223308676823
17128,1.6465918473139354,-1.1421806022254783,-1.031692505469897
17131,-1.4485587856030968,0.7080332292303888,1.081768064077828
17133,-0.8047267163130117,0.37257502259223224,-2.0857953799985274
17134,0.5935248754373961,-0.15732634212523552,-0.550086308542222
17135,-0.8047267163130117,0.9413631875519174,0.21254539859767932
17138,1.4555774190098685,-1.1421806022254783,-0.4190711213876058
17139,-0.8047267163130117,1.6291803310375392,2.308584291069523
17140,1.3484530871233855,-1.1421806022254783,-1.061388686252786
17142,1.3170038513377686,-1.1421806022254783,-1.104671746801965
17144,-2.0344322917066844,-0.15732634212523552,0.07683968989248707
17146,1.4088136607077486,-0.15732634212523552,-0.1572247054710982
17147,-0.5702958889100813,0.7080332292303888,0.7761278157240534
17148,0.012541544596951157,-1.1421806022254783,-1.0720525533078238
17152,1.1258861156196038,0.37257502259223224,-0.14182146797189657
17153,-0.5417973579979597,-1.1421806022254783,-0.6543405802705361
17154,0.29958131850608055,-1.1421806022254783,-0.39000047670272664
17155,-0.7303298502853449,-0.15732634212523552,-1.429868827955425
17157,-1.2088496996586264,-0.15732634212523552,-0.3390117351693185
17158,-0.34365422335675777,0.37257502259223224,0.5425034587901779
17159,-0.5998368088904396,0.37257502259223224,0.8774399273744351
17160,-0.3659920991122902,1.1139876296874291,1.5846877412632305
17162,-0.4125347572453631,1.5140076112100918,0.7909991900384693
17163,-0.5998368088904396,-0.15732634212523552,-0.4060223798876534
17164,-0.32189228833536065,1.2473999658429542,1.2808039737957886
17165,1.483423166528643,-1.1421806022254783,-1.0844889155935362
17166,-0.20183315632561427,-0.15732634212523552,-0.6820732142764421
17169,0.09645820643169936,-0.15732634212523552,0.3481041849119252
17171,1.500486543833783,-1.1421806022254783,-0.7087921119465913
17172,0.3416035021098939,-1.1421806022254783,-0.6167555939235758
17173,-1.4485587856030968,1.3539192402952056,1.5514277810852417
17174,1.2299311606297079,-1.1421806022254783,-1.6309543697443576
17175,-0.11312154370340959,0.7080332292303888,0.5545567471159608
17176,1.1586191182865357,-1.1421806022254783,-0.675689504547251
17179,1.041986766820532,0.37257502259223224,0.29245026307550637
17180,0.06933795489383361,0.7080332292303888,0.2586572642974302
17181,0.082998830205763,-1.1421806022254783,-1.8508786304189933
17183,-1.2088496996586264,1.1139876296874291,1.2772999370262994
17187,1.2680925591763403,-1.1421806022254783,-1.1398271988525035
17188,-1.0304416842462376,1.2473999658429542,0.8741397183519243
17189,0.5855581134555359,-0.15732634212523552,-0.4839379445414166
17190,0.10972239650768487,-1.1421806022254783,-0.6013053897976384
17191,-0.4368174524113916,1.2473999658429542,1.0625611123501877
17193,-0.25976293771736747,1.2473999658429542,0.6498830184109663
17194,1.7216964569621855,-1.1421806022254783,-1.45029657833444
17197,-0.3889398912265015,-1.1421806022254783,-0.04094015996943001
17198,-0.5417973579979597,0.37257502259223224,-0.25423558754063813
17201,0.04138483603978646,-1.1421806022254783,-0.901349370143218
17203,-0.25976293771736747,1.1139876296874291,0.4968901451410934
17204,1.0264731141905343,0.7080332292303888,0.6517601191309432
17205,0.04138483603978646,-1.1421806022254783,-2.4150842142136524
17206,0.027078278817641344,-1.1421806022254783,-0.690076717705866
17211,-0.4618328162388857,1.3539192402952056,1.063446351965933
17212,1.371471229871686,-1.1421806022254783,-3.4874069288362257
17213,-0.18335464868184115,1.2473999658429542,1.2216553672127253
17214,0.12279741437841987,1.1139876296874291,0.3243789481452749
17217,1.2968861848047732,-1.1421806022254783,-1.2611871740980125
17218,-1.552045934706048,1.5140076112100918,0.9474429686983276
17219,-0.34365422335675777,-1.1421806022254783,-1.1981520442767761
17220,-0.5417973579979597,1.7164188947372359,1.4311947505829177
17221,-1.2798718810873329,-0.15732634212523552,-0.5431592199675717
17222,0.1855267296633859,-1.1421806022254783,-0.39158854129513637
17223,1.5694938056688805,-0.15732634212523552,-0.5801394717757987
17226,1.5663001993333556,-1.1421806022254783,-0.9356551859555283
17227,-0.6956335185132512,1.1139876296874291,-0.2215644340985152
17228,-0.8047267163130117,1.3539192402952056,1.0634555683644953
17229,0.502148666903663,-0.15732634212523552,-0.36472203884662563
17230,1.4124805251279904,1.1139876296874291,0.9208096288552792
17231,-0.9795284129162457,1.5140076112100918,1.397382641138963
17232,-1.6752065827819893,-0.15732634212523552,-0.11736868727300169
17233,-0.2799741544043472,-1.1421806022254783,-1.034748235044993
17234,1.067351813449237,-1.1421806022254783,-1.1419126933681552
17235,-0.5142648687645806,-0.15732634212523552,-0.24868037447144462
17236,-0.9318853875046619,1.1139876296874291,0.38586279563122344
17237,-1.0304416842462376,-0.15732634212523552,-0.37004550906402667
17238,-1.6752065827819893,1.8141609571842097,1.5712079941969637
17239,1.5790218091705654,-1.1421806022254783,-0.4009145504472403
17242,0.6014283161148343,-0.15732634212523552,0.5078522454254432
17243,-2.0344322917066844,1.9869809403539003,2.057088552820666
17244,0.027078278817641344,-1.1421806022254783,0.06985429644110049
17245,1.1723505139298287,-1.1421806022254783,-0.8266221824588715
17247,-0.8447985484134556,-1.1421806022254783,-0.6754637903405982
17248,0.6916965680237024,-1.1421806022254783,-0.4482252790407688
17250,-1.552045934706048,-0.15732634212523552,-0.4276942176581663
17251,1.7272791279342035,-1.1421806022254783,-0.533730205816081
17252,0.6698788008538272,-0.15732634212523552,-0.38957751578629235
17253,-0.7303298502853449,-1.1421806022254783,-1.1488814911250593
17254,-1.4485587856030968,-0.15732634212523552,-0.5758057096397239
17255,-0.16526055765926362,-0.15732634212523552,-0.4994310846656372
17256,0.5935248754373961,-0.15732634212523552,-0.92887127601758
17259,0.8755351424734747,-0.15732634212523552,0.031154845221048076
17262,0.012541544596951157,0.37257502259223224,-0.17566377979959918
17263,1.185910639060409,-1.1421806022254783,-1.5878222437719323
17265,0.8199541666040955,-0.15732634212523552,0.03530263574982256
17266,-1.8284860004532224,0.37257502259223224,-0.5632692976223324
17267,0.7408460600978252,-0.15732634212523552,-0.6691693057322396
17268,0.8874922060612215,-1.1421806022254783,-2.0294004626296664
17272,-0.08000284691952356,0.37257502259223224,1.0949919510081316
17274,-0.2799741544043472,-1.1421806022254783,-1.362809829174505
17277,1.2722521855924698,-0.15732634212523552,0.5453010804288614
17278,1.324949900362801,-1.1421806022254783,-0.683021856170049
17279,0.09645820643169936,-1.1421806022254783,-2.261205563322869
17282,1.021251236962237,-0.15732634212523552,-0.2144117667852514
17284,0.12279741437841987,1.1139876296874291,0.9618738605217346
17286,-0.5998368088904396,-1.1421806022254783,-0.9544401841866402
17287,-0.4876303449547161,1.2473999658429542,0.30124722488710726
17288,-1.1443312534040568,1.1139876296874291,0.39800694376246804
17289,-0.34365422335675777,0.37257502259223224,0.4861297720251199
17290,-1.552045934706048,-0.15732634212523552,-0.1150990057365
17293,-1.2088496996586264,1.3539192402952056,0.8610660124992832
17295,-0.4125347572453631,0.37257502259223224,-0.1589364708998474
17297,-0.7666372915455425,-1.1421806022254783,-1.2783622111621458
17298,0.5447346908317658,-0.15732634212523552,-0.4688516901722572
17299,-0.9795284129162457,0.7080332292303888,0.08808666491729732
17301,-0.6305061529282221,-1.1421806022254783,-0.8497371417722812
17302,-0.8447985484134556,0.9413631875519174,0.6158427247328343
17303,1.7216964569621855,-1.1421806022254783,-0.7374020144507616
17306,-1.0304416842462376,0.37257502259223224,-1.1701624248621956
17309,0.4934051657049856,-1.1421806022254783,-1.3869489228240923
17311,0.33127071588747836,-0.15732634212523552,0.3219008985216952
17312,0.9167982557003951,-0.15732634212523552,-1.2710350608357968
17313,-0.3659920991122902,-1.1421806022254783,-0.6660775675213277
17314,-0.5142648687645806,1.3539192402952056,1.1663293809627162
17315,-1.8284860004532224,2.087767261724753,1.777045234931074
17320,0.5363636795631103,0.37257502259223224,0.41452973682202177
17321,0.22122399996171724,-1.1421806022254783,-0.10064558003986322
17323,-0.8447985484134556,1.2473999658429542,0.5132046766737594
17324,-0.7303298502853449,0.7080332292303888,-0.12293701661021908
17325,1.4695856976436954,-1.1421806022254783,-1.2674756885976308
17329,-0.8870901036233153,-0.15732634212523552,-0.03620796044908075
17330,-0.5702958889100813,-0.15732634212523552,-0.4595236259603026
17333,0.4109687178442798,-1.1421806022254783,-0.01491745869118683
17334,1.5436929741743444,-0.15732634212523552,-0.6469000985934746
17337,0.8934196358335683,0.7080332292303888,0.9954979741593571
17338,-0.7666372915455425,1.3539192402952056,2.0686772313984756
17339,0.4845828164794833,-0.15732634212523552,-0.7096157699014063
17340,-0.3889398912265015,1.575895246520602,2.4237693019093522
17341,0.9282944183154772,0.37257502259223224,0.18623308778845246
17343,1.7047874646375094,-1.1421806022254783,-0.8390177963143094
17344,-0.08000284691952356,-1.1421806022254783,-1.0086842667000473
17345,-0.8447985484134556,0.7080332292303888,-0.17164710731183244
17346,-1.552045934706048,1.752642309092698,1.2573650983064155
17348,-0.8447985484134556,0.9413631875519174,0.5726349465577607
17349,1.0471082026548297,-1.1421806022254783,-1.803362285640728
17350,-1.2088496996586264,0.7080332292303888,0.5441933849306425
17351,-0.25976293771736747,0.37257502259223224,-0.5205187530892178
17354,-0.002233519485077917,-1.1421806022254783,-1.6722344881784144
17356,1.575854558163292,-1.1421806022254783,-0.7964674348521178
17357,-0.5417973579979597,-0.15732634212523552,-0.30070825871745843
17358,1.546949960091995,-0.15732634212523552,-0.2713601019993295
17359,-1.0304416842462376,-1.1421806022254783,-1.6793982394747222
17360,-0.7666372915455425,0.37257502259223224,0.02619114589718834
17361,-0.03253354575706003,0.37257502259223224,-0.09988504669688066
17362,1.3170038513377686,-0.15732634212523552,-0.4526972083851857
17364,-2.0344322917066844,1.575895246520602,1.6574827945296418
17365,-0.9318853875046619,1.3539192402952056,1.6954443672350858
17367,1.3130094050418093,-1.1421806022254783,-0.9332146406189271
17368,-0.5702958889100813,1.2473999658429542,0.2276667272601242
17370,0.2778506796454355,0.7080332292303888,-0.16273100250271474
17371,-0.7666372915455425,0.37257502259223224,-0.6659288669894721
17372,-0.16526055765926362,1.3539192402952056,0.7516636027386471
17373,-0.18335464868184115,0.7080332292303888,0.19626312276801974
17374,1.2342373637481967,-0.15732634212523552,-1.176117838485419
17375,1.1447117092217385,0.37257502259223224,-0.3048182148063238
17376,0.25560785258344354,-0.15732634212523552,-0.7673616232185202
17377,-0.5417973579979597,1.8864734417209479,1.6263245096614392
17379,-1.0304416842462376,-1.1421806022254783,-0.26484807150013656
17381,0.8993135527648733,0.9413631875519174,0.20814105030428134
17382,0.1855267296633859,-1.1421806022254783,-1.7600589266436932
17383,-1.552045934706048,-1.1421806022254783,-0.7092626705059248
17384,-0.6956335185132512,-0.15732634212523552,-1.0887619253081349
17385,-0.8447985484134556,-1.1421806022254783,-0.5278179089373948
17386,-1.2088496996586264,0.37257502259223224,-0.9064977030155742
17387,-0.6624013797032222,-0.15732634212523552,0.20405955188691846
17388,0.33127071588747836,-0.15732634212523552,-1.0501450598280793
17389,-2.0344322917066844,1.9869809403539003,1.407197377085588
17392,1.559886260722143,-0.15732634212523552,-0.2535866483335104
17394,1.2342373637481967,-1.1421806022254783,-1.9613686973327098
17396,0.881530849050128,-0.15732634212523552,-1.1783715049851475
17397,-0.5998368088904396,-0.15732634212523552,0.09192917439485322
17398,0.6550665021984642,0.37257502259223224,-0.2025998665518748
17400,0.7339687427184912,0.9413631875519174,0.9482930915593436
17402,-1.4485587856030968,1.4411389437857045,0.1921615829208012
17403,-0.25976293771736747,-1.1421806022254783,-0.5131924336661439
17404,-0.4876303449547161,1.3539192402952056,0.7102613665849301
17405,-2.0344322917066844,0.37257502259223224,0.3507957955389246
17406,1.6406092928822804,-0.15732634212523552,0.7134245615206933
17409,1.077331758821227,-0.15732634212523552,-1.1588655282439912
17410,-0.8047267163130117,0.9413631875519174,0.49459533548713686
17411,-0.9795284129162457,0.37257502259223224,0.20608362155207757
17412,-1.6752065827819893,1.2473999658429542,0.7148660467409916
17414,1.077331758821227,-1.1421806022254783,-2.1917821870902077
17415,0.35182556963985595,-1.1421806022254783,-0.9924951831402783
17416,-0.3889398912265015,1.1139876296874291,1.8512959845682257
17418,-0.1475340129282601,-0.15732634212523552,-0.2659827996966825
17419,-1.0304416842462376,1.6291803310375392,1.613949375824553
17420,-0.01725551879332896,0.37257502259223224,-0.0050284930812945754
17422,-0.8047267163130117,1.1139876296874291,0.9715155573607934
17423,-0.08000284691952356,-0.15732634212523552,-0.11025912089767717
17425,0.13568899379554164,-1.1421806022254783,0.2378018362764822
17426,-1.2088496996586264,1.1139876296874291,1.7101629946069232
17427,0.2667949163187858,-1.1421806022254783,-1.236521016453617
17428,-2.0344322917066844,1.9731339718028382,2.0286023843652914
17429,0.7476772277927837,0.37257502259223224,-0.15575464747924836
17430,-0.32189228833536065,-0.15732634212523552,-0.5558720665168045
17431,1.5790218091705654,-1.1421806022254783,-0.24881379194628508
17432,-0.7303298502853449,-0.15732634212523552,-0.2668917186642872
17433,0.42990254301507225,-1.1421806022254783,-0.4330015416856004
17434,-1.8284860004532224,1.2473999658429542,1.1603788322258497
17436,-1.8284860004532224,-0.15732634212523552,-0.645159320897948
17438,1.3752619338149197,-1.1421806022254783,-0.4335871902411236
17440,1.3523225394809237,-0.15732634212523552,-2.345086606949564
17442,-0.24001712710008624,1.1139876296874291,1.1922920308879408
17444,0.8993135527648733,-0.15732634212523552,1.059293434906177
17446,1.036840613608142,-0.15732634212523552,-1.096995323076614
17447,-0.18335464868184115,-0.15732634212523552,0.0833213267526783
17449,-1.8284860004532224,1.2473999658429542,1.2150308629173538
17450,-1.0304416842462376,1.4411389437857045,1.3524267819867783
17451,-2.0344322917066844,1.2473999658429542,0.9862526990941551
17453,-0.7303298502853449,-0.15732634212523552,-0.05195491052388152
17454,1.1115483898802259,0.7080332292303888,-0.06179059314571165
17455,1.167792642233864,-1.1421806022254783,-1.1571470030275397
17456,1.732835425848913,-1.1421806022254783,-0.6332206336777735
17457,0.7408460600978252,0.7080332292303888,-0.6444712988821207
17458,-0.8447985484134556,-1.1421806022254783,-0.3865702665250177
17459,-0.13015925602825726,-0.15732634212523552,0.09870190082723522
17460,0.4845828164794833,0.9413631875519174,0.07218933598284721
17461,-0.5702958889100813,0.37257502259223224,0.20984955850077097
17462,0.12279741437841987,-0.15732634212523552,0.18238433412668745
17463,-0.8047267163130117,0.9413631875519174,0.9978110659035301
17464,0.9339955408970261,-1.1421806022254783,-0.5371462502820881
17466,-1.0851524766045704,-0.15732634212523552,0.06887311673198199
17468,-1.0851524766045704,-0.15732634212523552,-1.0005768836658027
17469,-0.8047267163130117,0.9413631875519174,1.0146245322275118
17470,-0.09640706158582192,0.9413631875519174,0.3291806357461189
17472,1.1067264535528785,0.37257502259223224,0.2535618183891034
17475,0.3416035021098939,-1.1421806022254783,-0.7287961856068738
17480,0.33127071588747836,-1.1421806022254783,0.03800401589929479
17481,-1.552045934706048,0.7080332292303888,0.6522099998446783
17483,0.1855267296633859,0.37257502259223224,-0.19661118843397601
17486,1.4014438771103972,-1.1421806022254783,-0.20641267271046676
17489,0.10972239650768487,-0.15732634212523552,-0.23970268519601556
17490,-2.0344322917066844,1.2473999658429542,0.7082932160225363
17491,-2.0344322917066844,1.5140076112100918,1.2069188137836762
17492,1.3523225394809237,-1.1421806022254783,-0.4181946593877944
17495,-1.2088496996586264,-0.15732634212523552,-0.09727491849421571
17496,1.716087141002673,-1.1421806022254783,-0.5280059341923417
17498,0.3102623955010061,-1.1421806022254783,-0.5776363914480444
17499,1.5038687590342887,-1.1421806022254783,-0.04736777962104121
17501,1.2427994036328696,-0.15732634212523552,-0.5025534018391449
17502,-1.1443312534040568,0.7080332292303888,0.20948010523292862
17503,-1.6752065827819893,-0.15732634212523552,-0.015285388293703817
17504,1.1768893571618266,1.4411389437857045,1.0615502596938857
17505,0.9564953954736334,-0.15732634212523552,0.5859300017562447
17506,0.3102623955010061,-1.1421806022254783,-0.38184449044348256
17507,1.405134806374551,-0.15732634212523552,0.1311829309192945
17508,1.473060901891095,-1.1421806022254783,-0.18486651139694316
17509,0.09645820643169936,1.3539192402952056,2.093506586122441
17510,-0.5142648687645806,-1.1421806022254783,-0.43378250026782883
17511,-1.6752065827819893,2.0120921097944136,2.6830575152772265
17512,-0.002233519485077917,1.3539192402952056,1.0178591539487558
17513,0.2667949163187858,-1.1421806022254783,-0.9816249156014204
17514,0.7476772277927837,-1.1421806022254783,-0.7058963922259243
17515,-0.3659920991122902,0.7080332292303888,-0.15288175134121113
17516,-0.8447985484134556,0.9413631875519174,0.23649544790019697
17517,1.5663001993333556,-1.1421806022254783,-1.0503851964301045
17519,-0.7666372915455425,1.1139876296874291,0.6954116990228107
17520,0.04138483603978646,-1.1421806022254783,-0.08075286253258025
17521,-0.3889398912265015,0.37257502259223224,0.2723186472969247
17522,-1.8284860004532224,0.9413631875519174,0.23011892443226256
17523,-1.0304416842462376,-0.15732634212523552,-0.4902552755612758
17524,1.7216964569621855,-1.1421806022254783,-0.9566794857719418
17525,1.7188951467697062,-1.1421806022254783,-0.3995756993624615
17526,-1.4485587856030968,0.37257502259223224,-0.903994377247131
17527,0.04138483603978646,0.7080332292303888,0.3045605797302431
17528,-2.0344322917066844,1.3539192402952056,1.4187036607531174
17530,-2.0344322917066844,1.5140076112100918,1.191352628859393
17531,1.101882824572414,-1.1421806022254783,-0.5864818080525608
17534,0.04138483603978646,-1.1421806022254783,-0.6199797216871504
17535,1.4695856976436954,-1.1421806022254783,-0.8592769216861605
17537,-0.3889398912265015,-0.15732634212523552,0.37505428233681126
17538,-0.4876303449547161,-1.1421806022254783,-1.3008422371576258
17540,-0.5142648687645806,-0.15732634212523552,0.08830798372063159
17542,1.4342345706416106,-1.1421806022254783,-0.9753151560319988
17545,-0.13015925602825726,0.37257502259223224,-0.13254674081787754
17548,1.2968861848047732,-1.1421806022254783,-1.2177711885334153
17549,-0.5417973579979597,-0.15732634212523552,-2.570280061322094
17550,1.1353398833556,0.37257502259223224,-0.7127218582832766
17551,1.716087141002673,-1.1421806022254783,-0.3920125492190726
17552,0.12279741437841987,0.7080332292303888,0.4566538849926279
17554,-2.0344322917066844,0.9413631875519174,0.7437071141023985
17555,-0.6624013797032222,-0.15732634212523552,-0.022256871244960875
17556,1.1768893571618266,-1.1421806022254783,-1.5361024262000555
17557,-0.8870901036233153,0.37257502259223224,0.05843084110568504
17560,0.9167982557003951,0.37257502259223224,-0.4017994009693204
17561,-0.6956335185132512,-1.1421806022254783,-0.9838313518146842
17562,-0.8870901036233153,1.2473999658429542,0.6423020434042329
17564,-0.5417973579979597,0.37257502259223224,-0.1407294484059813
17566,-1.2088496996586264,-0.15732634212523552,0.39532123013651244
17567,-1.2798718810873329,1.3539192402952056,1.4249190540957486
17569,1.6376064297239477,-1.1421806022254783,-0.5550939176487504
17571,-0.01725551879332896,0.37257502259223224,0.6452398607519748
17572,0.25560785258344354,0.7080332292303888,-0.6801414390342312
17573,-0.4125347572453631,0.37257502259223224,-0.29680755412183557
17574,1.3328395542355918,-1.1421806022254783,-0.9010006819192145
17576,-1.2088496996586264,1.8645334205085187,1.4219942358883904
17578,1.2299311606297079,-1.1421806022254783,-1.2714315367192717
17579,-1.4485587856030968,0.37257502259223224,-0.10583971211269153
17580,1.575854558163292,-0.15732634212523552,-0.880012761509595
17581,-2.0344322917066844,1.95829848038676,2.318081346125939
17582,1.3049771101638454,-1.1421806022254783,-1.24744885783541
17584,-1.2798718810873329,-0.15732634212523552,0.36933421129520233
17585,0.6092695128371648,0.7080332292303888,0.43156124133978296
17588,0.5363636795631103,-0.15732634212523552,-0.10425378643287667
17589,0.12279741437841987,0.7080332292303888,1.1867596772240991
17590,-1.8284860004532224,0.37257502259223224,0.7372819476484497
17591,0.2778506796454355,1.2473999658429542,0.947516926285458
17593,-1.552045934706048,0.9413631875519174,1.5141515666709944
17594,0.40136073864378646,-0.15732634212523552,0.574692851603771
17595,-0.9795284129162457,-0.15732634212523552,-0.37470307803206837
17596,-0.5702958889100813,1.2473999658429542,0.7681714591908322
17597,1.2125350916901998,-1.1421806022254783,0.6535432301210454
17600,-0.7303298502853449,-1.1421806022254783,-1.1309413492935159
17601,1.3170038513377686,-1.1421806022254783,-1.1804901452647936
17602,-1.8284860004532224,1.1139876296874291,1.7899978414611264
17603,0.33127071588747836,-1.1421806022254783,-0.9581758465266642
17604,1.2256079781275764,-0.15732634212523552,-0.4825440416773166
17608,-0.32189228833536065,-0.15732634212523552,-0.7326231037287328
17609,-0.16526055765926362,0.9413631875519174,0.5521531714508983
17611,-1.2798718810873329,1.752642309092698,1.574963095860374
17612,0.027078278817641344,1.1139876296874291,0.9357186929614335
17613,-0.5702958889100813,1.7164188947372359,1.7191707862656895
17614,0.082998830205763,-1.1421806022254783,-0.2643719553416912
17615,0.7612037549916904,0.37257502259223224,-0.7260680462724746
17618,-1.35900440190184,0.37257502259223224,0.2739000938807031
17619,1.575854558163292,-1.1421806022254783,-0.696305608988415
17620,0.12279741437841987,-1.1421806022254783,-1.8050829228273604
17621,-0.6305061529282221,0.37257502259223224,0.2820777565699906
17623,-0.32189228833536065,-1.1421806022254783,-0.055495564997284065
17624,-0.8447985484134556,-0.15732634212523552,0.3434216221385024
17625,-0.7303298502853449,0.7080332292303888,1.1139099103099863
17628,0.36193945002682054,-1.1421806022254783,-1.453986575752926
17629,-1.35900440190184,1.3539192402952056,0.8949711015150986
17630,1.0001031435847438,-0.15732634212523552,-0.6340063131552834
17631,-1.8284860004532224,0.37257502259223224,-0.07353900901930463
17633,-0.3659920991122902,0.7080332292303888,0.7586544256627582
17634,-0.25976293771736747,1.4411389437857045,0.9624397896712067
17636,-0.6956335185132512,-1.1421806022254783,-0.4266147715475093
17637,-0.3659920991122902,-0.15732634212523552,-0.03973301462305424
17639,1.4555774190098685,-1.1421806022254783,-1.6272054916452792
17640,0.42048198794590724,-1.1421806022254783,-1.1401631989396697
17642,0.6916965680237024,-0.15732634212523552,0.21218984638543242
17643,1.7548021788970043,-1.1421806022254783,-1.6448560753554116
17644,-2.0344322917066844,1.575895246520602,1.2633062489610967
17646,1.2342373637481967,0.37257502259223224,0.4094459046671017
17647,0.1855267296633859,-1.1421806022254783,-1.3928465496794593
17648,0.13568899379554164,0.37257502259223224,0.7461844203918875
17649,0.8135898353975748,-1.1421806022254783,0.3795627675620645
17650,-0.6305061529282221,-1.1421806022254783,-0.8513738555396735
17651,-0.9795284129162457,1.5140076112100918,1.6491158628196052
17652,-0.5142648687645806,1.6291803310375392,1.7888571051639313
17653,-0.2207141713346106,0.37257502259223224,0.0678756469026591
17654,1.4590957515606013,-1.1421806022254783,-1.40646800684339
17655,-1.0304416842462376,1.2473999658429542,0.8216959438585159
17656,0.2778506796454355,0.9413631875519174,0.713828704964911
17658,-0.4876303449547161,-0.15732634212523552,-0.7056230108915919
17659,-0.7666372915455425,1.6291803310375392,1.287425573658722
17660,0.8325661695854,-1.1421806022254783,-0.7629468583215667
17663,-0.4876303449547161,1.2473999658429542,0.9361310444193579
17664,-0.6956335185132512,-0.15732634212523552,0.0927806428049912
17666,-1.552045934706048,-0.15732634212523552,-1.1655688392983308
17667,0.1975784585920764,0.9413631875519174,1.0205097493793647
17668,-2.0344322917066844,-0.15732634212523552,-0.9553458125520831
17669,-0.13015925602825726,1.2473999658429542,0.4765335877930746
17670,1.2722521855924698,-1.1421806022254783,-0.8155782510975669
17671,-0.8047267163130117,0.7080332292303888,0.6726703100727062
17672,-0.01725551879332896,-0.15732634212523552,1.1557189981192935
17673,-1.8284860004532224,1.1139876296874291,0.8687594025804974
17674,0.2887784270770501,-0.15732634212523552,-0.4669891097720067
17675,-2.0344322917066844,2.044437630410294,2.8189351912976193
17676,-1.552045934706048,1.1139876296874291,0.8003800872137901
17677,-1.8284860004532224,1.9251850708526475,1.6257195102061046
17678,1.4124805251279904,-1.1421806022254783,-0.3926224480120166
17679,0.027078278817641344,-0.15732634212523552,0.48786441480276854
17680,-0.5417973579979597,-1.1421806022254783,-0.9232189642716441
17682,-1.0851524766045704,1.1139876296874291,1.2869575899906704
17684,-0.11312154370340959,-1.1421806022254783,-0.7025441212843413
17685,-0.7666372915455425,1.2473999658429542,1.3491086238635521
17686,-1.2798718810873329,1.2473999658429542,1.746743011644782
17690,-0.3889398912265015,1.752642309092698,1.567190781953908
17691,1.713272404991934,-0.15732634212523552,-0.5547699096063928
17692,0.7408460600978252,0.7080332292303888,0.18053900494006483
17693,0.8071859215343972,-1.1421806022254783,-0.8495503012821864
17694,0.8388148593693143,-1.1421806022254783,-0.5254400251183649
17695,0.7745534629301226,-0.15732634212523552,0.17643822548745336
17696,-0.2207141713346106,1.3539192402952056,1.0413652027060392
17697,1.3049771101638454,-1.1421806022254783,-0.39225115082084117
17698,1.4014438771103972,-1.1421806022254783,-0.905245061672523
17700,-0.7666372915455425,0.7080332292303888,1.2058901092539203
17701,1.371471229871686,-1.1421806022254783,-0.7316949162129353
17702,-0.3889398912265015,0.7080332292303888,0.594043221407867
17703,-0.2799741544043472,0.37257502259223224,0.3972854997974764
17704,0.9947495566046998,-0.15732634212523552,0.32429017706944646
17705,-1.6752065827819893,1.4411389437857045,0.9195657433457535
17706,-1.552045934706048,1.8141609571842097,2.187751985447559
17707,1.077331758821227,-0.15732634212523552,-1.7600589266436932
17708,1.0921296377175151,-0.15732634212523552,-0.5048954407914901
17709,1.0001031435847438,-1.1421806022254783,-1.651900728220325
17711,-1.0304416842462376,-0.15732634212523552,-0.22169349874615052
17712,-0.09640706158582192,-1.1421806022254783,-0.15280264158574108
17714,1.6040515456373574,-1.1421806022254783,-0.9150680481823622
17716,-0.4125347572453631,1.5140076112100918,1.8238863813481827
17718,1.2887356965125554,-1.1421806022254783,-1.1431936104706075
17719,-0.2207141713346106,1.752642309092698,1.6597810322674877
17720,-0.4876303449547161,0.7080332292303888,0.45785537651633157
17722,0.502148666903663,0.7080332292303888,0.9456607536726741
17723,1.0160035801223155,-0.15732634212523552,-0.86164414611404
17724,0.25560785258344354,0.37257502259223224,0.41882032279675946
17725,-0.8047267163130117,1.575895246520602,1.4749792120834704
17727,-0.8447985484134556,-1.1421806022254783,0.5152195918513955
17728,-1.552045934706048,0.37257502259223224,1.3539334862907668
17730,-1.6752065827819893,1.675591966784018,1.7282411053595836
17731,0.3416035021098939,0.7080332292303888,0.46774198581028276
17732,1.7548021788970043,-1.1421806022254783,-0.6229347713060153
17733,-0.20183315632561427,-0.15732634212523552,-0.02755422773023246
17734,0.04138483603978646,0.37257502259223224,0.12157478251116678
17735,-1.8284860004532224,1.8645334205085187,2.6801800578200003
17736,-1.1443312534040568,-0.15732634212523552,-0.6477355536209011
17737,-1.1443312534040568,-0.15732634212523552,-0.9969749117164568
17738,-0.6956335185132512,0.7080332292303888,0.8274199176634177
17739,-0.9795284129162457,1.2473999658429542,1.2043134768154307
17742,0.6400324499796085,-0.15732634212523552,-0.7031278163680031
17744,-1.552045934706048,1.1139876296874291,0.9732647964410195
17746,1.3209839796397647,-1.1421806022254783,-1.4635409401242665
17747,0.6400324499796085,-1.1421806022254783,-1.498719541488214
17749,1.041986766820532,-0.15732634212523552,-0.015218479768652794
17750,-1.4485587856030968,1.4411389437857045,0.7133897124805592
17754,-2.0344322917066844,0.9413631875519174,0.6508596342543781
17757,-2.0344322917066844,2.0342798295082316,1.796203996469202
17758,-0.6956335185132512,1.3539192402952056,1.5258022125747375
17759,-0.7666372915455425,0.37257502259223224,0.2674611023580459
17760,-0.5998368088904396,-0.15732634212523552,-0.63812576373286
17761,-0.32189228833536065,-1.1421806022254783,-0.4263935238090332
17763,1.4088136607077486,-1.1421806022254783,-2.6339519097393858
17764,-0.002233519485077917,-0.15732634212523552,0.3194266054014021
17765,0.9396658454083229,0.37257502259223224,-0.48905955449034755
17767,-0.8447985484134556,-1.1421806022254783,-0.49169247156960705
17768,-1.2088496996586264,0.37257502259223224,0.9137971304296243
17769,-0.9318853875046619,1.5140076112100918,1.5732388448983239
17770,1.1447117092217385,0.37257502259223224,-0.42382592897431093
17771,0.082998830205763,-0.15732634212523552,-0.6545971122921159
17772,-1.0304416842462376,-0.15732634212523552,-1.015839246101714
17774,0.5108148268330728,0.7080332292303888,0.5781715474973451
17775,1.3790398480052746,-1.1421806022254783,-1.6760735179279398
17777,-0.5142648687645806,0.37257502259223224,0.2271928792366484
17779,-0.6305061529282221,0.37257502259223224,0.010972289810313505
17781,0.9396658454083229,-1.1421806022254783,-1.603024271637386
17783,0.2667949163187858,-0.15732634212523552,-0.4564475032204151
17785,0.027078278817641344,-1.1421806022254783,-1.080987108006047
17786,0.40136073864378646,-0.15732634212523552,-0.5679312559243593
17787,0.9051743635233156,0.7080332292303888,1.005778702663449
17788,0.7612037549916904,-1.1421806022254783,-3.0396011615262934
17789,1.473060901891095,-1.1421806022254783,-0.7398021529159833
17790,-0.4618328162388857,1.7164188947372359,0.9936389489763057
17791,-0.3889398912265015,-1.1421806022254783,-1.1972848273635979
17793,-0.5142648687645806,-1.1421806022254783,-0.8226830383895155
17795,1.0522051761648727,-0.15732634212523552,-0.35790653246527643
17796,-0.18335464868184115,0.7080332292303888,0.1467509301590653
17797,-0.5998368088904396,0.37257502259223224,0.2237180460436308
17799,-0.5998368088904396,1.5140076112100918,1.3503280901787043
17800,-0.24001712710008624,1.4411389437857045,0.5504877113207792
17802,0.3719475869257092,0.37257502259223224,0.6911070496776037
17805,0.2887784270770501,-1.1421806022254783,-0.661517517739187
17806,-1.0304416842462376,-1.1421806022254783,-0.07386227502344545
17809,-0.8047267163130117,0.7080332292303888,0.32369072436050145
17811,-1.552045934706048,2.109058704325358,2.030061328254863
17812,-0.9318853875046619,0.7080332292303888,0.1379900793635536
17813,-0.8870901036233153,0.9413631875519174,0.7437877916214354
17816,-0.24001712710008624,0.7080332292303888,-1.9974409037397964
17817,-1.552045934706048,-0.15732634212523552,-1.1392898940510703
17819,0.2667949163187858,1.1139876296874291,0.26307682617592304
17824,-0.002233519485077917,-1.1421806022254783,-0.5773032318924264
17827,-1.4485587856030968,0.9413631875519174,1.0450744659052043
17828,-0.5702958889100813,0.7080332292303888,0.49617707975198605
17829,1.5338661248881842,-1.1421806022254783,0.3626213587619282
17830,-1.8284860004532224,0.37257502259223224,-0.7035561283422673
17831,-0.32189228833536065,-1.1421806022254783,-2.0210787976978266
17832,-0.01725551879332896,-1.1421806022254783,-0.9380510377146148
17835,-1.6752065827819893,0.37257502259223224,-0.42005827202758134
17836,-0.06389671920754665,-1.1421806022254783,-1.1681407569585154
17837,-0.1475340129282601,1.3539192402952056,0.6591302155928478
17838,-0.4618328162388857,0.9413631875519174,1.0958307929645874
17839,-0.1475340129282601,-1.1421806022254783,-0.29126057429834085
17841,-1.8284860004532224,2.3068991256248284,3.5553417547763764
17843,1.546949960091995,-1.1421806022254783,-0.7946770816568456
17844,0.5935248754373961,-1.1421806022254783,-1.7431008164439503
17848,0.8755351424734747,1.1139876296874291,-0.30969139202248336
17849,1.4124805251279904,0.37257502259223224,-1.5741901263591973
17850,1.7520786082162478,2.0717681702421897,1.8251930877398213
17852,-0.9795284129162457,-0.15732634212523552,-1.139894387504945
17854,1.077331758821227,-0.15732634212523552,-1.102681564184162
17855,1.7548021788970043,-1.1421806022254783,-0.7103224333690468
17856,1.2928184451927718,-0.15732634212523552,-1.0351604790709215
17857,1.713272404991934,-1.1421806022254783,-3.2914370672147792
17858,-1.35900440190184,1.4411389437857045,1.1804524482700067
17859,1.5534363273924467,-1.1421806022254783,-1.0724845615537661
17860,1.743869969103029,-1.1421806022254783,-0.628309641285924
17861,-1.6752065827819893,1.3539192402952056,0.9712639037164268
17862,1.613299668240245,-1.1421806022254783,-0.5005816083262098
17863,0.10972239650768487,1.1139876296874291,1.4592128943515001
17864,-0.9318853875046619,0.37257502259223224,0.055780308793469076
17865,-0.3659920991122902,1.840535090348796,2.1312182373054003
17866,0.8450260030809356,-1.1421806022254783,-0.8295778912986009
17867,-0.3889398912265015,0.37257502259223224,-0.5610462851583529
17869,0.5935248754373961,0.9413631875519174,-0.4562753549554275
17870,-1.8284860004532224,1.575895246520602,0.8106458611440425
17871,1.1723505139298287,-1.1421806022254783,-1.0326902061017185
17873,0.35182556963985595,0.9413631875519174,0.6458141078515396
17874,1.077331758821227,1.1139876296874291,0.0615758993938203
17877,1.0001031435847438,-1.1421806022254783,-0.8900694441324037
17878,-0.11312154370340959,-1.1421806022254783,-0.5478991597130033
17879,1.021251236962237,-1.1421806022254783,-0.9066481517762673
17880,1.732835425848913,-1.1421806022254783,-0.1838183239381552
17881,1.5501977257633475,-1.1421806022254783,-1.0214360688857191
17883,-1.6752065827819893,0.7080332292303888,0.020492938505679577
17884,-1.552045934706048,0.7080332292303888,0.10971450234462356
17885,-0.9795284129162457,-1.1421806022254783,-0.8176402530045137
17886,-0.34365422335675777,0.37257502259223224,0.016945628609282018
17887,0.7544629096604374,-1.1421806022254783,-1.811214221828417
17888,0.12279741437841987,1.1139876296874291,-0.15426740950256504
17889,1.203732221452046,-0.15732634212523552,-0.8686923806924577
17890,1.610225165315647,-0.15732634212523552,0.056531902427871705
17891,0.9564953954736334,-1.1421806022254783,-0.6915334999043241
17892,0.082998830205763,-0.15732634212523552,-1.0957230887450733
17893,1.259725918569415,-1.1421806022254783,-1.499248806325543
17894,0.2667949163187858,1.3539192402952056,0.49954749536125465
17895,-0.11312154370340959,-1.1421806022254783,-1.3854813843464535
17897,1.0160035801223155,0.37257502259223224,-0.1485813621916741
17898,0.40136073864378646,-0.15732634212523552,-0.9941721368765067
17899,0.9396658454083229,-1.1421806022254783,-1.2770830399825988
17900,1.101882824572414,-0.15732634212523552,-1.2643251858342757
17901,-0.4125347572453631,-1.1421806022254783,-1.8991914754992905
17904,-0.6305061529282221,-1.1421806022254783,-1.2258167439723657
17905,0.9282944183154772,0.37257502259223224,-0.2888280597564628
17906,1.3484530871233855,-1.1421806022254783,-1.6820682453975622
17908,1.7575194808117025,-1.1421806022254783,-0.598872854017172
17911,-1.1443312534040568,-1.1421806022254783,-0.40265835816005474
17912,1.5694938056688805,0.9413631875519174,-0.7257476956296163
17913,0.10972239650768487,-0.15732634212523552,-0.28301015736183704
17914,-1.552045934706048,-1.1421806022254783,-0.5709660818810528
17917,-0.09640706158582192,0.37257502259223224,-0.32587999572737536
17919,0.42990254301507225,-1.1421806022254783,0.18637723248655114
17920,-1.552045934706048,1.8141609571842097,1.6131002341566811
17921,0.17331659078189585,0.7080332292303888,0.37349720359467287
17924,-0.9795284129162457,0.7080332292303888,0.2942240244282599
17926,0.7811635550624721,-0.15732634212523552,-0.36364614881051555
17928,-0.09640706158582192,-0.15732634212523552,-0.9021968171408035
17929,1.5663001993333556,-1.1421806022254783,-0.7214752138584682
17930,-0.25976293771736747,0.9413631875519174,0.298836470197895
17931,0.78773127048894,-0.15732634212523552,-0.5158741544298056
17932,-0.4125347572453631,0.37257502259223224,0.7219193866499756
17934,0.10972239650768487,-1.1421806022254783,-0.36762377283542125
17935,0.8135898353975748,-0.15732634212523552,-0.9989427259188135
17936,-1.4485587856030968,-1.1421806022254783,-0.2949229946218923
17937,-1.1443312534040568,0.7080332292303888,-0.8218704511520726
17939,0.9453056894998114,-1.1421806022254783,-1.2492206450207448
17942,-1.2088496996586264,-1.1421806022254783,-3.868227726584182
17946,1.2928184451927718,-0.15732634212523552,-1.4146983067949395
17947,-0.24001712710008624,-1.1421806022254783,-1.0023839836057764
17949,-1.2088496996586264,0.7080332292303888,-0.5057487715491508
17950,0.2667949163187858,0.37257502259223224,-0.2317584806261684
17951,-0.18335464868184115,0.37257502259223224,-0.6743737280870542
17954,-1.4485587856030968,1.575895246520602,1.166296709031382
17955,1.2385267308960743,-0.15732634212523552,-1.6867628368698422
17957,0.1975784585920764,-1.1421806022254783,-1.2718282113555015
17958,0.6698788008538272,-1.1421806022254783,-1.0053292759565637
17960,1.0054298168956088,-1.1421806022254783,-1.473930203276455
17961,-0.6305061529282221,2.0951988199478917,0.455678175882335
17962,0.8388148593693143,-1.1421806022254783,-1.3898000762599818
17964,-0.34365422335675777,-0.15732634212523552,-0.3008267534883464
17965,-0.2207141713346106,1.7164188947372359,1.1856345177608987
17966,0.8934196358335683,-0.15732634212523552,-0.9028454706106819
17967,1.7520786082162478,-1.1421806022254783,-1.2800442683169866
17968,1.7575194808117025,-1.1421806022254783,-0.4725897235053223
17969,0.9785243333842288,-0.15732634212523552,-1.5877037060391501
17970,1.1993040429374937,-1.1421806022254783,-0.38992115478103845
17972,1.3289017226184614,-1.1421806022254783,-1.2628330789370261
17973,0.012541544596951157,-1.1421806022254783,-0.38899630329897666
17974,-0.5142648687645806,0.37257502259223224,0.2762196018647075
17975,-0.8447985484134556,1.675591966784018,1.6954487812379373
17976,1.7520786082162478,-1.1421806022254783,-0.3514249406270116
17977,-0.4125347572453631,-1.1421806022254783,-1.279483185120903
17978,1.732835425848913,-1.1421806022254783,-1.0440458973758802
17979,-0.25976293771736747,0.7080332292303888,0.1681618323561698
17980,0.9785243333842288,0.37257502259223224,-0.6033323770351068
17984,0.8573375787693495,-1.1421806022254783,-1.031164815978783
17985,-0.5998368088904396,-1.1421806022254783,0.13149101976699748
17986,0.06933795489383361,-1.1421806022254783,-2.4047802020754347
17987,1.077331758821227,-1.1421806022254783,-1.0779356109789657
17988,-0.9795284129162457,1.2473999658429542,-1.2432279800011738
17990,1.3090005290123605,0.37257502259223224,0.14659971632303168
17991,1.259725918569415,-0.15732634212523552,-1.5372129918810384
17994,0.7059841640227111,0.7080332292303888,0.09496401995625564
17995,1.4765255017988088,-1.1421806022254783,-2.31477715584333
17997,0.2887784270770501,1.3539192402952056,0.7775757882721405
17999,-0.24001712710008624,-0.15732634212523552,-0.2967603870513145
18001,-0.9795284129162457,-0.15732634212523552,-0.4562753549554275
18004,1.724491105975501,-1.1421806022254783,-1.129016955316226
18005,-1.552045934706048,-0.15732634212523552,-0.7620249231127824
18006,-0.5702958889100813,-1.1421806022254783,-0.5266593831564402
18008,0.24428607257948629,0.7080332292303888,-1.497345119463028
18009,1.3009390340426663,-1.1421806022254783,-0.7788692224547136
18010,1.3865576775364532,-1.1421806022254783,-1.6099443888216989
18011,1.7548021788970043,-1.1421806022254783,-1.2993618653964762
18013,0.9167982557003951,-0.15732634212523552,-1.0422014406985394
18014,-0.4368174524113916,-1.1421806022254783,-0.9277376144249063
18015,-1.552045934706048,-1.1421806022254783,-1.1025533361092732
18016,-0.34365422335675777,0.9413631875519174,0.5431269093855455
18018,0.6014283161148343,-0.15732634212523552,-1.7142839512920254
18019,0.012541544596951157,-1.1421806022254783,-2.1789759823484407
18022,-0.25976293771736747,-1.1421806022254783,0.1626653264018532
18024,0.9051743635233156,-1.1421806022254783,-1.5396617841751412
18027,0.5279209325674449,-1.1421806022254783,-1.133403394315119
18030,-1.552045934706048,-0.15732634212523552,-2.020044866660498
18032,1.6436044177617508,-1.1421806022254783,-1.4768063384050814
18033,0.1855267296633859,-1.1421806022254783,-1.45179043785459
18034,-0.5998368088904396,-0.15732634212523552,-0.2721834897879905
18035,-0.25976293771736747,0.37257502259223224,-0.5083753463001518
18036,-0.34365422335675777,0.37257502259223224,-0.14805031190184886
18037,0.9110024672408381,1.1139876296874291,-2.068659819746138
18040,-0.6956335185132512,-0.15732634212523552,-0.28798772176184867
18041,-0.9795284129162457,1.9066176529747072,1.4851207898616343
18042,0.04138483603978646,-1.1421806022254783,-1.2951824694241911
18043,-0.5142648687645806,0.37257502259223224,-0.05311008175534562
18044,-1.552045934706048,1.5140076112100918,0.8495857887710436
18045,-0.09640706158582192,-1.1421806022254783,-0.8992595148820369
18048,1.1632155688917196,-0.15732634212523552,-1.274053271738054
18050,1.716087141002673,-1.1421806022254783,-1.4675988159595788
18053,0.25560785258344354,-1.1421806022254783,-0.4336708887896872
18055,-1.2798718810873329,1.5140076112100918,1.992032295888205
18056,1.4970942624576842,-1.1421806022254783,-0.4044059127721784
18058,-1.0851524766045704,-1.1421806022254783,-3.1448130216784653
18059,-0.5702958889100813,0.37257502259223224,-0.41290124282524604
18061,-0.5998368088904396,1.5140076112100918,0.6227885009307588
18062,1.0160035801223155,0.37257502259223224,-0.4352628015782867
18064,0.7811635550624721,-1.1421806022254783,-1.7963626826375498
18065,-1.35900440190184,1.7164188947372359,1.0653934003981411
18066,0.29958131850608055,-1.1421806022254783,-0.3414992235310953
18067,-0.18335464868184115,-1.1421806022254783,-0.33893722770432033
18069,-0.4876303449547161,0.9413631875519174,1.0999420159044349
18071,1.3902977755164576,-0.15732634212523552,-0.22255445060250648
18072,1.082287095056689,-1.1421806022254783,-0.5395587997602418
18073,0.647577642958288,1.575895246520602,0.3190693427179221
18074,1.7575194808117025,-1.1421806022254783,-0.7660977866221942
18075,-0.5702958889100813,1.5140076112100918,1.2082651668830406
18077,-1.2088496996586264,1.575895246520602,1.321726454848484
18078,1.2256079781275764,-0.15732634212523552,-0.7632404231296172
18079,-0.09640706158582192,0.37257502259223224,0.1798393416047248
18081,-0.25976293771736747,0.37257502259223224,-0.41284685060914317
18082,-0.4876303449547161,-1.1421806022254783,0.1460083423300769
18085,1.631577314912051,-0.15732634212523552,0.27862644477369103
18086,1.4485077893678906,-1.1421806022254783,-1.2324333184709877
18088,0.13568899379554164,-1.1421806022254783,-1.0195853504379073
18092,-1.8284860004532224,1.4411389437857045,1.437671935191178
18093,0.6916965680237024,-0.15732634212523552,-0.16197068917741367
18094,0.3719475869257092,1.1139876296874291,1.0192437384405957
18095,1.5790218091705654,-0.15732634212523552,-0.43149752365119515
18096,-0.9795284129162457,0.37257502259223224,0.36409310364081526
18097,-1.2088496996586264,1.1139876296874291,1.156925573907471
18099,0.7408460600978252,-1.1421806022254783,-0.8786070976477112
18101,-1.0304416842462376,-0.15732634212523552,-0.8614071088816576
18102,-2.0344322917066844,1.675591966784018,1.978488908238959
18104,-0.24001712710008624,-1.1421806022254783,-0.11148052229164251
18105,-0.2207141713346106,-1.1421806022254783,-1.2160682807656853
18106,1.631577314912051,-1.1421806022254783,-0.7186923489311933
18108,1.3752619338149197,-1.1421806022254783,-0.7018053806926341
18109,-1.8284860004532224,1.9869809403539003,1.6147855713479435
18110,-0.6624013797032222,-1.1421806022254783,-0.6375872506270254
18112,-0.9795284129162457,-0.15732634212523552,-0.7122886465239004
18114,1.5038687590342887,-1.1421806022254783,-0.9955162407616089
18116,0.22122399996171724,1.3539192402952056,0.6575228241632887
18117,-0.4876303449547161,-1.1421806022254783,-0.6116653088914895
18118,-1.0304416842462376,1.9869809403539003,1.8643249339619175
18119,1.741121007666964,-1.1421806022254783,-0.9810192128108747
18120,1.2125350916901998,-1.1421806022254783,-1.457995329550052
18121,0.881530849050128,-0.15732634212523552,0.21232954580087623
18122,-1.2088496996586264,1.1139876296874291,0.9882538343383146
18123,-0.5417973579979597,-0.15732634212523552,-0.181070639681128
18125,-0.3889398912265015,0.7080332292303888,0.6086337205692666
18126,0.13568899379554164,-1.1421806022254783,-0.712052447370102
18127,-0.6956335185132512,0.37257502259223224,-0.5044082261785066
18129,1.3328395542355918,-1.1421806022254783,-1.2441469820825894
18130,-0.8447985484134556,0.37257502259223224,0.5307941117420851
18135,-0.4125347572453631,0.7080332292303888,-0.6824145967833899
18136,0.16094347398622413,0.37257502259223224,0.3647275863676974
18138,1.520631071339477,-1.1421806022254783,-1.5377688647894001
18139,-0.7303298502853449,1.1139876296874291,1.5211732525240347
18142,1.2212676709423542,-1.1421806022254783,-1.015379400511111
18143,0.6698788008538272,-0.15732634212523552,0.4905505627372143
18144,-0.3659920991122902,1.575895246520602,0.5052747913589066
18145,-0.9318853875046619,0.7080332292303888,1.4205447783335288
18146,0.8325661695854,-0.15732634212523552,-0.8786555277857767
18147,-0.08000284691952356,-0.15732634212523552,-0.9416583272054252
18149,-0.002233519485077917,0.37257502259223224,-0.32742117290468603
18150,-0.34365422335675777,0.37257502259223224,0.11968796975795683
18151,0.7942571917855862,-0.15732634212523552,0.11129426400727824
18154,-1.6752065827819893,-0.15732634212523552,-0.240979190703809
18155,0.29958131850608055,0.37257502259223224,-0.2621311381937827
18156,-0.9318853875046619,-0.15732634212523552,0.28857862894745834
18158,-1.1443312534040568,-0.15732634212523552,-0.05910446180286434
18159,1.5404267112747503,-1.1421806022254783,-0.508956785649133
18160,0.082998830205763,-0.15732634212523552,0.017749525150798334
18161,-0.8447985484134556,0.9413631875519174,0.7833750148978786
18164,-0.24001712710008624,-1.1421806022254783,-0.29454660442908703
18165,1.036840613608142,-1.1421806022254783,-0.7989192600898511
18167,-0.5702958889100813,0.37257502259223224,0.7692353505823925
18168,1.031669483853163,1.1139876296874291,0.46081859425608634
18169,0.13568899379554164,-1.1421806022254783,-0.9219398979341779
18170,-0.32189228833536065,0.37257502259223224,0.003893732862070511
18171,0.10972239650768487,0.9413631875519174,0.2617259079385195
18172,-0.3659920991122902,1.752642309092698,1.7409029181909619
18173,0.42048198794590724,0.7080332292303888,0.48064659630127865
18176,1.713272404991934,-1.1421806022254783,-0.12206030319734357
18177,-0.3659920991122902,1.1139876296874291,0.7818984216637159
18178,0.7544629096604374,0.7080332292303888,0.9247365895651617
18179,-1.1443312534040568,0.9413631875519174,0.7519566027603956
18180,-1.4485587856030968,1.1139876296874291,0.9855357803291944
18181,-0.5417973579979597,-1.1421806022254783,-0.28763783611677307
18183,1.2680925591763403,-0.15732634212523552,0.03964877388691423
18185,1.3561786223427335,-1.1421806022254783,-0.6526202598084122
18188,-0.8447985484134556,0.37257502259223224,0.8230923333127231
18189,0.33127071588747836,-0.15732634212523552,0.48647698869108247
18190,1.1115483898802259,-0.15732634212523552,-0.6348642908465255
18191,1.405134806374551,-1.1421806022254783,-1.980764162096063
18192,0.2667949163187858,-1.1421806022254783,0.28896081584900973
18193,0.973060085911785,-1.1421806022254783,-0.6723853445099994
18196,0.4934051657049856,-0.15732634212523552,0.15015279910169102
18198,-1.552045934706048,1.785023119276935,1.1589052842622485
18200,0.5855581134555359,-1.1421806022254783,-0.8621184309413887
18202,1.1493673703667233,0.37257502259223224,0.6271247364702086
18203,0.9282944183154772,-1.1421806022254783,-1.0647440421216505
18204,0.25560785258344354,0.37257502259223224,1.0036108690910286
18205,-0.25976293771736747,-0.15732634212523552,-0.14170439628521783
18209,-0.4125347572453631,-1.1421806022254783,-0.9888182369021633
18210,-1.8284860004532224,1.1139876296874291,1.1119228716670166
18211,-0.4876303449547161,0.9413631875519174,0.04308433129790202
18212,1.6194242945112962,-1.1421806022254783,-0.6764800021778985
18213,1.3090005290123605,-1.1421806022254783,-0.5885732449080416
18215,0.43923231330448226,-1.1421806022254783,-0.4815963699658907
18216,-0.3659920991122902,-1.1421806022254783,-0.2411774479284538
18217,-0.4125347572453631,-0.15732634212523552,0.04401882259581941
18218,1.1993040429374937,-0.15732634212523552,-0.39026493897307
18219,-1.6752065827819893,1.5140076112100918,0.9751382735915807
18221,-0.5998368088904396,0.9413631875519174,0.5067651538899544
18222,0.4756800668708009,-1.1421806022254783,-0.3028913222169949
18223,-1.4485587856030968,1.7164188947372359,2.0001035093963706
18224,1.4124805251279904,-1.1421806022254783,-0.8854648060540654
18225,-1.6752065827819893,1.6291803310375392,1.7836074870346221
18226,-0.11312154370340959,1.575895246520602,1.813338320766027
18227,1.2299311606297079,-1.1421806022254783,-2.141790055962345
18228,0.082998830205763,-0.15732634212523552,0.35694299991908524
18229,-0.9795284129162457,1.8864734417209479,1.6586257676357736
18230,-1.1443312534040568,1.2473999658429542,1.1649642622665393
18231,1.1115483898802259,0.9413631875519174,0.9087413445719451
18232,0.3719475869257092,0.7080332292303888,0.07142176166320915
18235,0.2667949163187858,0.37257502259223224,0.9008299200817828
18236,-0.3889398912265015,1.1139876296874291,0.4172734893236141
18237,-1.6752065827819893,0.9413631875519174,0.41819598531443536
18239,1.2342373637481967,0.9413631875519174,0.8896089575405889
18240,-0.08000284691952356,-1.1421806022254783,-1.0677453113234943
18241,-1.0851524766045704,1.8141609571842097,1.0577639017378104
18242,0.2667949163187858,0.7080332292303888,0.9817594494932556
18245,-1.2798718810873329,1.2473999658429542,1.2555128713270227
18246,1.2928184451927718,-1.1421806022254783,-2.1539866079312
18248,0.7130530259563577,-0.15732634212523552,0.16562641770695394
18249,-0.7666372915455425,-1.1421806022254783,-1.3970198991643228
18250,1.5694938056688805,-1.1421806022254783,-0.4690265264236667
18252,-0.002233519485077917,-0.15732634212523552,-0.18824627741963448
18255,0.43923231330448226,-1.1421806022254783,-1.2177711885334153
18257,-0.20183315632561427,1.3539192402952056,1.1564795050534464
18259,-0.5142648687645806,0.37257502259223224,1.232079327579887
18260,1.0160035801223155,1.1139876296874291,1.2027339283912766
18261,-0.13015925602825726,-0.15732634212523552,-0.35079472817435553
18262,0.8262794399433101,-1.1421806022254783,-0.9331109526275658
18263,-0.4876303449547161,0.37257502259223224,0.6142129535590377
18265,0.2667949163187858,-0.15732634212523552,0.17798832599965425
18269,1.7356037687254329,-1.1421806022254783,-0.8396633918798804
18270,-0.2207141713346106,-0.15732634212523552,-0.547674347096011
18272,-1.6752065827819893,1.1139876296874291,1.4307540007470356
18273,-1.8284860004532224,-0.15732634212523552,-1.2274657151183455
18274,-0.3889398912265015,-1.1421806022254783,-0.8651128952246905
18276,-0.11312154370340959,-1.1421806022254783,-0.6555139644152852
18277,0.09645820643169936,-1.1421806022254783,-1.16695803037684
18278,0.2887784270770501,-1.1421806022254783,-0.8155782510975669
18280,1.462603193933059,-1.1421806022254783,-1.0005768836658027
18281,1.057277938381344,-1.1421806022254783,-1.8132687780153356
18282,-1.2088496996586264,-0.15732634212523552,-1.1480664392954134
18283,-1.552045934706048,1.785023119276935,1.1727333645287858
18287,-0.13015925602825726,0.37257502259223224,0.5476054990146706
